tracking_timestamp_us,left_yaw_rads_cpf,right_yaw_rads_cpf,pitch_rads_cpf,depth_m,left_yaw_low_rads_cpf,right_yaw_low_rads_cpf,pitch_low_rads_cpf,left_yaw_high_rads_cpf,right_yaw_high_rads_cpf,pitch_high_rads_cpf,tx_left_eye_cpf,ty_left_eye_cpf,tz_left_eye_cpf,tx_right_eye_cpf,ty_right_eye_cpf,tz_right_eye_cpf,session_uid
922875491707,0.5573658347129822,0.5842790603637695,0.2181454747915268,2.003577062345175,0.5286058187484741,0.548130452632904,0.1813781261444091,0.5845035314559937,0.6235628128051758,0.2601875960826874,0.0315,0.0,0.0,-0.0315,0.0,0.0,5b0cd164-67f0-4590-9c99-356b1a60afcd
922875591707,0.554893970489502,0.5834000110626221,0.2063227146863937,1.8902465716004615,0.5253072381019592,0.5485259890556335,0.1696310937404632,0.582825779914856,0.6212074756622314,0.2466092705726623,0.0315,0.0,0.0,-0.0315,0.0,0.0,5b0cd164-67f0-4590-9c99-356b1a60afcd
922875691707,0.5618835687637329,0.5838119983673096,0.2103838473558426,2.4528072896383613,0.5324147939682007,0.549168050289154,0.1739487200975418,0.5896303653717041,0.6215788722038269,0.2508828639984131,0.0315,0.0,0.0,-0.0315,0.0,0.0,5b0cd164-67f0-4590-9c99-356b1a60afcd
922875791707,0.2150077223777771,0.4742410778999328,-0.0666972547769546,0.2279039691953704,0.0854753702878952,0.3147213459014892,-0.1859835237264633,0.3272087275981903,0.6218339204788208,0.0790557488799095,0.0315,0.0,0.0,-0.0315,0.0,0.0,5b0cd164-67f0-4590-9c99-356b1a60afcd
922875891707,0.2407135665416717,0.3230026066303253,-0.5067784190177917,0.8329033318987881,0.1501812636852264,0.240388423204422,-0.5855777859687805,0.3190508782863617,0.402330994606018,-0.411092609167099,0.0315,0.0,0.0,-0.0315,0.0,0.0,5b0cd164-67f0-4590-9c99-356b1a60afcd
922875991707,0.1172604411840438,0.2631942629814148,-0.5191342234611511,0.485202599471347,0.0962336063385009,0.2349170297384262,-0.5500569343566895,0.1395255327224731,0.2924183011054992,-0.4833757281303406,0.0315,0.0,0.0,-0.0315,0.0,0.0,5b0cd164-67f0-4590-9c99-356b1a60afcd
922876091707,0.0817459672689437,0.2162231057882309,-0.515060305595398,0.5301198417736132,0.0615078806877136,0.1882304102182388,-0.5455470085144043,0.103234589099884,0.2455657869577407,-0.4770018756389618,0.0315,0.0,0.0,-0.0315,0.0,0.0,5b0cd164-67f0-4590-9c99-356b1a60afcd
922876191707,0.0421857498586177,0.1770147085189819,-0.5113333463668823,0.5309990547809155,0.0226513408124446,0.1511844396591186,-0.5408732891082764,0.0628084987401962,0.2042135447263717,-0.4737990200519562,0.0315,0.0,0.0,-0.0315,0.0,0.0,5b0cd164-67f0-4590-9c99-356b1a60afcd
922876291707,-0.0087154880166053,0.1448921859264373,-0.5171541571617126,0.4695499025220175,-0.0289438217878341,0.1197272613644599,-0.5466344356536865,0.0126835666596889,0.1712100356817245,-0.4793187975883484,0.0315,0.0,0.0,-0.0315,0.0,0.0,5b0cd164-67f0-4590-9c99-356b1a60afcd
922876391707,-0.0427818894386291,0.1032091006636619,-0.5332210659980774,0.499920724000424,-0.0637136325240135,0.0785878524184227,-0.5632579922676086,-0.0203038416802883,0.12881401181221,-0.4950204193592071,0.0315,0.0,0.0,-0.0315,0.0,0.0,5b0cd164-67f0-4590-9c99-356b1a60afcd
922876491707,-0.0873889178037643,0.0710417851805687,-0.5185514092445374,0.4568614314922049,-0.1104891747236251,0.0455070585012435,-0.550407886505127,-0.0630428045988082,0.0974004715681076,-0.4760254025459289,0.0315,0.0,0.0,-0.0315,0.0,0.0,5b0cd164-67f0-4590-9c99-356b1a60afcd
922876591707,-0.0637953206896781,0.1347647309303283,-0.5641878843307495,0.3739355235540901,-0.0913141593337059,0.1038214340806007,-0.5991615056991577,-0.0352574735879898,0.1660072207450866,-0.5143694877624512,0.0315,0.0,0.0,-0.0315,0.0,0.0,5b0cd164-67f0-4590-9c99-356b1a60afcd
922876691707,-0.068882018327713,0.1422840654850006,-0.5543862581253052,0.3492929205600458,-0.096034936606884,0.108601376414299,-0.5902923941612244,-0.0408018194139003,0.176414206624031,-0.502328634262085,0.0315,0.0,0.0,-0.0315,0.0,0.0,5b0cd164-67f0-4590-9c99-356b1a60afcd
922876791707,-0.0684518963098526,0.1362262219190597,-0.5407953858375549,0.357519589873318,-0.0929936245083808,0.1045571938157081,-0.5747998952865601,-0.0425911732017993,0.1683802306652069,-0.4900165200233459,0.0315,0.0,0.0,-0.0315,0.0,0.0,5b0cd164-67f0-4590-9c99-356b1a60afcd
922876891707,-0.0560011342167854,0.1180545464158058,-0.5358498096466064,0.4196376631609899,-0.0795595496892929,0.0891703367233276,-0.5687750577926636,-0.0312304161489009,0.1477556079626083,-0.4882561564445495,0.0315,0.0,0.0,-0.0315,0.0,0.0,5b0cd164-67f0-4590-9c99-356b1a60afcd
922876991707,-0.0621555894613266,0.1190819218754768,-0.5334646701812744,0.4023932270767766,-0.0859893858432769,0.0896604731678962,-0.5668532252311707,-0.0370574593544006,0.1492502391338348,-0.4860641956329345,0.0315,0.0,0.0,-0.0315,0.0,0.0,5b0cd164-67f0-4590-9c99-356b1a60afcd
922877091707,-0.019660148769617,0.1284238547086715,-0.5270254015922546,0.4904142522858291,-0.040179293602705,0.1047550737857818,-0.5561059713363647,0.0022872053086757,0.1530406773090362,-0.4895979464054107,0.0315,0.0,0.0,-0.0315,0.0,0.0,5b0cd164-67f0-4590-9c99-356b1a60afcd
922877191707,-0.014375302940607,0.148747444152832,-0.5201013088226318,0.4428243267794026,-0.0349194593727588,0.125061348080635,-0.5486511588096619,0.0074426680803298,0.1733888983726501,-0.4840688705444336,0.0315,0.0,0.0,-0.0315,0.0,0.0,5b0cd164-67f0-4590-9c99-356b1a60afcd
922877291707,-0.0131191797554492,0.1510152071714401,-0.5154716372489929,0.4388620557840773,-0.0335214883089065,0.1265919506549835,-0.5442585349082947,0.0084490850567817,0.1763000935316085,-0.4789257943630218,0.0315,0.0,0.0,-0.0315,0.0,0.0,5b0cd164-67f0-4590-9c99-356b1a60afcd
922877391707,-0.017991553992033,0.1358155310153961,-0.5119845271110535,0.4679139688074991,-0.0385295078158378,0.1118253394961357,-0.5408449172973633,0.0037193968892097,0.1607421189546585,-0.475271612405777,0.0315,0.0,0.0,-0.0315,0.0,0.0,5b0cd164-67f0-4590-9c99-356b1a60afcd
922877491707,0.0386708751320838,0.195126935839653,-0.5284342765808105,0.4613325053614122,0.0182483978569507,0.1699022948741912,-0.5576832890510559,0.0605000406503677,0.2210599482059478,-0.4908766746520996,0.0315,0.0,0.0,-0.0315,0.0,0.0,5b0cd164-67f0-4590-9c99-356b1a60afcd
922877591707,0.0471505708992481,0.2122839838266372,-0.54892498254776,0.4414233381320124,0.0264141261577606,0.186651274561882,-0.5782106518745422,0.0693785399198532,0.2386645376682281,-0.5124468207359314,0.0315,0.0,0.0,-0.0315,0.0,0.0,5b0cd164-67f0-4590-9c99-356b1a60afcd
922877691707,0.0389928482472896,0.2083917707204818,-0.5487363934516907,0.4306276053015928,0.018139474093914,0.181029811501503,-0.5786759853363037,0.0613452084362506,0.2366575300693512,-0.5092633366584778,0.0315,0.0,0.0,-0.0315,0.0,0.0,5b0cd164-67f0-4590-9c99-356b1a60afcd
922877791707,0.0392967201769351,0.2029020190238952,-0.5434635877609253,0.4447190386608469,0.0186698548495769,0.1759977787733078,-0.5733616948127747,0.0613780803978443,0.2306174784898758,-0.5024234056472778,0.0315,0.0,0.0,-0.0315,0.0,0.0,5b0cd164-67f0-4590-9c99-356b1a60afcd
922877891707,0.0337583161890506,0.2078152894973755,-0.5485414862632751,0.4191876287780764,0.0123160891234874,0.180640161037445,-0.5787342190742493,0.0566237866878509,0.2359498441219329,-0.5068679451942444,0.0315,0.0,0.0,-0.0315,0.0,0.0,5b0cd164-67f0-4590-9c99-356b1a60afcd
922877991707,-0.0120958052575588,0.1531160175800323,-0.544525682926178,0.4433846062513729,-0.0344862826168537,0.1255943030118942,-0.5756085515022278,0.0117258615791797,0.1810946315526962,-0.5016331672668457,0.0315,0.0,0.0,-0.0315,0.0,0.0,5b0cd164-67f0-4590-9c99-356b1a60afcd
922878091707,-0.0180289484560489,0.1521283239126205,-0.5464690327644348,0.4310750644513928,-0.0401123389601707,0.1232978850603103,-0.5780587792396545,0.0054730847477912,0.1812499165534973,-0.5024739503860474,0.0315,0.0,0.0,-0.0315,0.0,0.0,5b0cd164-67f0-4590-9c99-356b1a60afcd
922878191707,-0.0981690287590026,0.1124314740300178,-0.6702715158462524,0.3803054868846425,-0.131887137889862,0.0737238079309463,-0.7117244601249695,-0.0629964545369148,0.1510164439678192,-0.61125248670578,0.0315,0.0,0.0,-0.0315,0.0,0.0,5b0cd164-67f0-4590-9c99-356b1a60afcd
922878291707,-0.0837058275938034,0.1091294437646865,-0.6473016738891602,0.4082348939814792,-0.1170516014099121,0.0710248202085495,-0.6881397366523743,-0.0497595742344856,0.1474448591470718,-0.5883809924125671,0.0315,0.0,0.0,-0.0315,0.0,0.0,5b0cd164-67f0-4590-9c99-356b1a60afcd
922878391707,-0.0273875780403614,0.1687868237495422,-0.64463210105896,0.3991128086073355,-0.0586793161928653,0.1327073127031326,-0.6841349005699158,0.0049600973725318,0.2044795453548431,-0.5864782333374023,0.0315,0.0,0.0,-0.0315,0.0,0.0,5b0cd164-67f0-4590-9c99-356b1a60afcd
922878491707,-0.0429040901362896,0.1513301879167556,-0.6397614479064941,0.4022284419049706,-0.0740453898906707,0.1137211918830871,-0.6792564988136292,-0.0107781067490577,0.1889908462762832,-0.5822300910949707,0.0315,0.0,0.0,-0.0315,0.0,0.0,5b0cd164-67f0-4590-9c99-356b1a60afcd
922878591707,-0.0687322914600372,0.0917057618498802,-0.5294665694236755,0.4539570712033345,-0.0930596813559532,0.0641121566295623,-0.5624902248382568,-0.0435542836785316,0.120047889649868,-0.4818633198738098,0.0315,0.0,0.0,-0.0315,0.0,0.0,5b0cd164-67f0-4590-9c99-356b1a60afcd
922878691707,-0.0649003311991691,0.1095274910330772,-0.5461786985397339,0.4214673758153029,-0.0870602056384086,0.0830590948462486,-0.5771068930625916,-0.0415226332843303,0.1363781988620758,-0.5044419765472412,0.0315,0.0,0.0,-0.0315,0.0,0.0,5b0cd164-67f0-4590-9c99-356b1a60afcd
922878791707,-0.0612978935241699,0.1090830862522125,-0.546519935131073,0.431597783152373,-0.0837358683347702,0.0827160626649856,-0.5776105523109436,-0.0377331040799617,0.1359461545944214,-0.5052999258041382,0.0315,0.0,0.0,-0.0315,0.0,0.0,5b0cd164-67f0-4590-9c99-356b1a60afcd
922878891707,-0.03386902064085,0.1048970445990562,-0.490881472826004,0.5135659096649996,-0.0553501173853874,0.0795517265796661,-0.5213909149169922,-0.0111053697764873,0.1316225081682205,-0.4537314176559448,0.0315,0.0,0.0,-0.0315,0.0,0.0,5b0cd164-67f0-4590-9c99-356b1a60afcd
922878991707,-0.0364162549376487,0.1173672676086425,-0.4928457140922546,0.463624404929687,-0.0576568953692913,0.0927338376641273,-0.5225056409835815,-0.0138696283102035,0.1431731730699539,-0.4569985568523407,0.0315,0.0,0.0,-0.0315,0.0,0.0,5b0cd164-67f0-4590-9c99-356b1a60afcd
922879091707,-0.3080266118049621,-0.2013231217861175,-0.5281215906143188,0.6554983945898291,-0.3363148868083954,-0.2314702570438385,-0.5628820657730103,-0.2781316637992859,-0.1700669974088668,-0.4864942133426666,0.0315,0.0,0.0,-0.0315,0.0,0.0,5b0cd164-67f0-4590-9c99-356b1a60afcd
922879191707,-0.3777256608009338,-0.2650752961635589,-0.5401091575622559,0.609768027016942,-0.4084306061267853,-0.2939243614673614,-0.5741495490074158,-0.3449365496635437,-0.2353286445140838,-0.502005934715271,0.0315,0.0,0.0,-0.0315,0.0,0.0,5b0cd164-67f0-4590-9c99-356b1a60afcd
922879291707,-0.3351818025112152,-0.2176546901464462,-0.5473052263259888,0.5970591043526138,-0.3644680380821228,-0.2465090453624725,-0.5811201930046082,-0.3039195835590362,-0.1879080832004547,-0.5100712776184082,0.0315,0.0,0.0,-0.0315,0.0,0.0,5b0cd164-67f0-4590-9c99-356b1a60afcd
922879391707,-0.2957402467727661,-0.1963826566934585,-0.546903133392334,0.7135770906037914,-0.3239004015922546,-0.2236526608467102,-0.5805537104606628,-0.265946626663208,-0.1680334210395813,-0.5082225799560547,0.0315,0.0,0.0,-0.0315,0.0,0.0,5b0cd164-67f0-4590-9c99-356b1a60afcd
922879491707,-0.2846134603023529,-0.17315374314785,-0.5598950982093811,0.6442542767535433,-0.3127453923225403,-0.2004194557666778,-0.5937194228172302,-0.2543380558490753,-0.1449808776378631,-0.5213364958763123,0.0315,0.0,0.0,-0.0315,0.0,0.0,5b0cd164-67f0-4590-9c99-356b1a60afcd
922879591707,-0.2605184018611908,-0.1586972624063491,-0.5392716526985168,0.7006165339877126,-0.2869763374328613,-0.1849480420351028,-0.5719971656799316,-0.2325740754604339,-0.1314053237438202,-0.5025079250335693,0.0315,0.0,0.0,-0.0315,0.0,0.0,5b0cd164-67f0-4590-9c99-356b1a60afcd
922879691707,-0.2523071467876434,-0.1425753086805343,-0.5381853580474854,0.6516585645211203,-0.2784454822540283,-0.1683891415596008,-0.5705256462097168,-0.224884882569313,-0.1159316077828407,-0.5017924904823303,0.0315,0.0,0.0,-0.0315,0.0,0.0,5b0cd164-67f0-4590-9c99-356b1a60afcd
922879791707,-0.1859560459852218,-0.1121932715177536,-0.524941086769104,0.9728802055593756,-0.2112655937671661,-0.1377012133598327,-0.5584032535552979,-0.1596603691577911,-0.086145743727684,-0.4848870038986206,0.0315,0.0,0.0,-0.0315,0.0,0.0,5b0cd164-67f0-4590-9c99-356b1a60afcd
922879891707,0.0960991010069847,0.2473980188369751,-0.4828693270683288,0.46087228810719,0.0755552351474762,0.2212066650390625,-0.5125005841255188,0.1176399290561676,0.2751206755638122,-0.4465687274932861,0.0315,0.0,0.0,-0.0315,0.0,0.0,5b0cd164-67f0-4590-9c99-356b1a60afcd
922879991707,0.0861157029867172,0.2357197850942611,-0.4860119223594665,0.4679005147636063,0.0641518682241439,0.2095484882593155,-0.5159125924110413,0.1090776026248931,0.2636894583702087,-0.4486342370510101,0.0315,0.0,0.0,-0.0315,0.0,0.0,5b0cd164-67f0-4590-9c99-356b1a60afcd
922880091707,0.0963029414415359,0.239811971783638,-0.4767943322658539,0.4848566634153536,0.0766336172819137,0.2142795324325561,-0.5056273937225342,0.1168373972177505,0.2668339312076568,-0.4422747790813446,0.0315,0.0,0.0,-0.0315,0.0,0.0,5b0cd164-67f0-4590-9c99-356b1a60afcd
922880191707,0.0811195224523544,0.224978357553482,-0.48509681224823,0.4871633923574022,0.0617819800972938,0.1996370553970337,-0.5136843323707581,0.100994735956192,0.2520293295383453,-0.4505824148654938,0.0315,0.0,0.0,-0.0315,0.0,0.0,5b0cd164-67f0-4590-9c99-356b1a60afcd
922880291707,0.0667818859219551,0.1994258165359497,-0.476309597492218,0.5279501248513885,0.0472060404717922,0.1752025634050369,-0.5049149394035339,0.086857795715332,0.225422665476799,-0.4410716891288757,0.0315,0.0,0.0,-0.0315,0.0,0.0,5b0cd164-67f0-4590-9c99-356b1a60afcd
922880391707,0.0459959171712398,0.1765608936548233,-0.468204140663147,0.5359215405968714,0.0167354643344879,0.1537671685218811,-0.4988151490688324,0.0756076425313949,0.2012931555509567,-0.4280144274234772,0.0315,0.0,0.0,-0.0315,0.0,0.0,5b0cd164-67f0-4590-9c99-356b1a60afcd
922880491707,0.0614868551492691,0.2489906549453735,-0.5665861368179321,0.3909006535175047,0.0402260161936283,0.2209963202476501,-0.597029983997345,0.0839670449495315,0.2777003049850464,-0.527635395526886,0.0315,0.0,0.0,-0.0315,0.0,0.0,5b0cd164-67f0-4590-9c99-356b1a60afcd
922880591707,0.0301904529333114,0.2300399541854858,-0.5748007893562317,0.3702368223868565,0.008652850985527,0.2023751586675644,-0.6047919988632202,0.0526676028966903,0.2583027184009552,-0.5355841517448425,0.0315,0.0,0.0,-0.0315,0.0,0.0,5b0cd164-67f0-4590-9c99-356b1a60afcd
922880691707,0.0049735642969608,0.2164036482572555,-0.5652299523353577,0.3487590461459814,-0.0165184587240219,0.1873748004436493,-0.5959742069244385,0.0278839543461799,0.245847150683403,-0.5221439003944397,0.0315,0.0,0.0,-0.0315,0.0,0.0,5b0cd164-67f0-4590-9c99-356b1a60afcd
922880791707,-0.0116403996944427,0.1962634772062301,-0.560984194278717,0.354630907612434,-0.0334864668548107,0.1665664911270141,-0.5923917889595032,0.0117033571004867,0.226093128323555,-0.517891526222229,0.0315,0.0,0.0,-0.0315,0.0,0.0,5b0cd164-67f0-4590-9c99-356b1a60afcd
922880891707,-0.017863355576992,0.1791211366653442,-0.5571005940437317,0.3740114808491535,-0.0400704033672809,0.149358257651329,-0.5890100598335266,0.0059128925204277,0.2090918719768524,-0.513460636138916,0.0315,0.0,0.0,-0.0315,0.0,0.0,5b0cd164-67f0-4590-9c99-356b1a60afcd
922880991707,-0.0244444049894809,0.1818531155586242,-0.5613879561424255,0.3580399265358188,-0.0471185892820358,0.1506299674510955,-0.5941346883773804,0.0001823864877223,0.2131379246711731,-0.5160823464393616,0.0315,0.0,0.0,-0.0315,0.0,0.0,5b0cd164-67f0-4590-9c99-356b1a60afcd
922881091707,-0.0137162692844867,0.1888463199138641,-0.5732027292251587,0.3670796481482498,-0.0368328504264354,0.1563650071620941,-0.6062801480293274,0.0107658617198467,0.2214452624320984,-0.5265393853187561,0.0315,0.0,0.0,-0.0315,0.0,0.0,5b0cd164-67f0-4590-9c99-356b1a60afcd
922881191707,-0.0131117366254329,0.1874520480632782,-0.5684093236923218,0.369646549709782,-0.0361847952008247,0.1541567742824554,-0.6021534204483032,0.0114246159791946,0.2209313064813614,-0.520337700843811,0.0315,0.0,0.0,-0.0315,0.0,0.0,5b0cd164-67f0-4590-9c99-356b1a60afcd
922881291707,-0.0153416655957698,0.1965320706367492,-0.5725691318511963,0.3505677797711748,-0.0386456847190856,0.1640053391456604,-0.6055331230163574,0.0092648938298225,0.2291873544454574,-0.5263132452964783,0.0315,0.0,0.0,-0.0315,0.0,0.0,5b0cd164-67f0-4590-9c99-356b1a60afcd
922881391707,-0.0068990774452686,0.1961134523153305,-0.567611038684845,0.3646527086926566,-0.0301293954253196,0.1632197350263595,-0.6010154485702515,0.0176856406033039,0.2292856723070144,-0.519858717918396,0.0315,0.0,0.0,-0.0315,0.0,0.0,5b0cd164-67f0-4590-9c99-356b1a60afcd
922881491707,-0.0109994113445281,0.0424845367670059,-0.5102927684783936,1.3493695166199822,-0.1520914733409881,-0.0477083921432495,-0.613213062286377,0.1158942282199859,0.1304869949817657,-0.3940997123718261,0.0315,0.0,0.0,-0.0315,0.0,0.0,5b0cd164-67f0-4590-9c99-356b1a60afcd
922881591707,-0.1144556850194931,0.014656689018011,-0.4162709712982178,0.5319932347859643,-0.1340543180704116,-0.0069151259958744,-0.4430806338787079,-0.0939427241683006,0.0370531119406223,-0.3865121603012085,0.0315,0.0,0.0,-0.0315,0.0,0.0,5b0cd164-67f0-4590-9c99-356b1a60afcd
922881691707,-0.1213239580392837,0.0117137432098388,-0.3979115486145019,0.5120384708052681,-0.1416025459766388,-0.0089039765298366,-0.4244734048843384,-0.100399762392044,0.0330316498875618,-0.3683783411979675,0.0315,0.0,0.0,-0.0315,0.0,0.0,5b0cd164-67f0-4590-9c99-356b1a60afcd
922881791707,-0.1381473839282989,0.0181202627718448,-0.3925533890724182,0.4345568668976158,-0.1582009643316269,-0.0016200691461563,-0.4178051948547363,-0.117332711815834,0.0385299213230609,-0.3656110167503357,0.0315,0.0,0.0,-0.0315,0.0,0.0,5b0cd164-67f0-4590-9c99-356b1a60afcd
922881891707,-0.1340507566928863,0.0285317786037921,-0.3914867639541626,0.4176203684722083,-0.1540727615356445,0.0077820792794227,-0.4170523285865783,-0.113088734447956,0.050117015838623,-0.364849179983139,0.0315,0.0,0.0,-0.0315,0.0,0.0,5b0cd164-67f0-4590-9c99-356b1a60afcd
922881991707,-0.13271065056324,0.0276011973619461,-0.4148165285587311,0.4277927322442944,-0.1524574011564254,0.0057517997920513,-0.4411157965660095,-0.1121157109737396,0.0503473840653896,-0.3862341642379761,0.0315,0.0,0.0,-0.0315,0.0,0.0,5b0cd164-67f0-4590-9c99-356b1a60afcd
922882091707,-0.1117714866995811,0.0500032231211662,-0.4253111779689789,0.4263465898821349,-0.1316406726837158,0.0273654907941818,-0.4519801437854767,-0.0910163074731826,0.073476456105709,-0.3970322012901306,0.0315,0.0,0.0,-0.0315,0.0,0.0,5b0cd164-67f0-4590-9c99-356b1a60afcd
922882191707,-0.0946705043315887,0.0603015758097171,-0.4314503669738769,0.4465633993794425,-0.1142248585820198,0.0397004298865795,-0.457365334033966,-0.0742619484663009,0.0817542374134063,-0.4052710235118866,0.0315,0.0,0.0,-0.0315,0.0,0.0,5b0cd164-67f0-4590-9c99-356b1a60afcd
922882291707,-0.0894813537597656,0.0683654174208641,-0.4315435290336609,0.4384639151813932,-0.1089755520224571,0.047190923243761,-0.4575320184230804,-0.0691980794072151,0.0903438553214073,-0.405134916305542,0.0315,0.0,0.0,-0.0315,0.0,0.0,5b0cd164-67f0-4590-9c99-356b1a60afcd
922882391707,-0.0429268144071102,0.1162130236625671,-0.4357838332653045,0.4354244322976679,-0.062264334410429,0.094876617193222,-0.4621461629867553,-0.0226808153092861,0.1382854282855987,-0.4063076376914978,0.0315,0.0,0.0,-0.0315,0.0,0.0,5b0cd164-67f0-4590-9c99-356b1a60afcd
922882491707,-0.0293957032263278,0.1253612637519836,-0.4391075670719147,0.4482488604084823,-0.0487566031515598,0.10311259329319,-0.4660700559616089,-0.0093499906361103,0.1485093086957931,-0.4083054661750793,0.0315,0.0,0.0,-0.0315,0.0,0.0,5b0cd164-67f0-4590-9c99-356b1a60afcd
922882591707,-0.0236420780420303,0.136418417096138,-0.4489476680755615,0.4351376988048586,-0.0430449843406677,0.1137906014919281,-0.476336121559143,-0.0032941028475761,0.1600576341152191,-0.4167440533638,0.0315,0.0,0.0,-0.0315,0.0,0.0,5b0cd164-67f0-4590-9c99-356b1a60afcd
922882691707,-0.0259236954152584,0.1183969229459762,-0.4205950498580932,0.4767792265444878,-0.0445663146674633,0.0954485237598419,-0.4475695490837097,-0.0062951818108558,0.142398402094841,-0.3898081183433532,0.0315,0.0,0.0,-0.0315,0.0,0.0,5b0cd164-67f0-4590-9c99-356b1a60afcd
922882791707,-0.0552722886204719,0.1045028269290924,-0.4173389077186584,0.4302544050319158,-0.0740894004702568,0.0831680297851562,-0.4432155191898346,-0.0356363356113433,0.1268321275711059,-0.3893111944198608,0.0315,0.0,0.0,-0.0315,0.0,0.0,5b0cd164-67f0-4590-9c99-356b1a60afcd
922882891707,-0.0640010088682174,0.1009647101163864,-0.4204902052879333,0.4173070610164019,-0.0832885131239891,0.0802438259124755,-0.4464360773563385,-0.0438483655452728,0.1226739436388015,-0.3919994533061981,0.0315,0.0,0.0,-0.0315,0.0,0.0,5b0cd164-67f0-4590-9c99-356b1a60afcd
922882991707,-0.0747792348265647,0.084561288356781,-0.4211151003837585,0.4323062448704303,-0.0945341885089874,0.0638050138950347,-0.4472066164016723,-0.0542306452989578,0.1062272638082504,-0.3930871784687042,0.0315,0.0,0.0,-0.0315,0.0,0.0,5b0cd164-67f0-4590-9c99-356b1a60afcd
922883091707,-0.0963457450270652,0.0743808448314666,-0.4133338034152984,0.4019368485944102,-0.1159935891628265,0.0534309148788452,-0.4392296075820923,-0.0757494419813156,0.0961200892925262,-0.3866114020347595,0.0315,0.0,0.0,-0.0315,0.0,0.0,5b0cd164-67f0-4590-9c99-356b1a60afcd
922883191707,-0.0981746837496757,0.0829444676637649,-0.4070566892623901,0.3777393122607422,-0.1174931973218917,0.0618708133697509,-0.4326061308383941,-0.0778239592909812,0.1048782020807266,-0.3805750906467438,0.0315,0.0,0.0,-0.0315,0.0,0.0,5b0cd164-67f0-4590-9c99-356b1a60afcd
922883291707,-0.0953017324209213,0.0889561474323272,-0.4130327701568603,0.372245153488652,-0.1150866225361824,0.068578615784645,-0.4384753108024597,-0.0744989514350891,0.1101385951042175,-0.3857819437980652,0.0315,0.0,0.0,-0.0315,0.0,0.0,5b0cd164-67f0-4590-9c99-356b1a60afcd
922883391707,-0.0862039476633071,0.0932888463139534,-0.4132294058799743,0.3822151389438122,-0.1055388450622558,0.0735531449317932,-0.438310444355011,-0.0660385638475418,0.1138602644205093,-0.3867530226707458,0.0315,0.0,0.0,-0.0315,0.0,0.0,5b0cd164-67f0-4590-9c99-356b1a60afcd
922883491707,-0.0836676508188247,0.0982143953442573,-0.4176004528999328,0.3778859880718878,-0.102967582643032,0.0772216990590095,-0.4431177377700805,-0.0634333789348602,0.1200887262821197,-0.3898787498474121,0.0315,0.0,0.0,-0.0315,0.0,0.0,5b0cd164-67f0-4590-9c99-356b1a60afcd
922883591707,-0.0761408358812332,0.1020185723900795,-0.4200178682804107,0.386214707790398,-0.0954608023166656,0.080488696694374,-0.4459716081619262,-0.0558667257428169,0.1246212422847747,-0.3912546038627624,0.0315,0.0,0.0,-0.0315,0.0,0.0,5b0cd164-67f0-4590-9c99-356b1a60afcd
922883691707,-0.0780915841460228,0.1030454933643341,-0.422906219959259,0.3803265383296245,-0.0972945690155029,0.0820659697055816,-0.4486379027366638,-0.057933434844017,0.1249442771077156,-0.3947598934173584,0.0315,0.0,0.0,-0.0315,0.0,0.0,5b0cd164-67f0-4590-9c99-356b1a60afcd
922883791707,-0.0658671855926513,0.1138517633080482,-0.4322400987148285,0.3848825510736299,-0.0851153284311294,0.0936738327145576,-0.4576870203018188,-0.0456849187612533,0.1349072456359863,-0.4042790532112121,0.0315,0.0,0.0,-0.0315,0.0,0.0,5b0cd164-67f0-4590-9c99-356b1a60afcd
922883891707,-0.0908514410257339,0.1106497570872306,-0.480430543422699,0.3513502860400732,-0.1107780411839485,0.085777074098587,-0.5085399150848389,-0.070052795112133,0.1366887986660003,-0.4452534317970276,0.0315,0.0,0.0,-0.0315,0.0,0.0,5b0cd164-67f0-4590-9c99-356b1a60afcd
922883991707,-0.0593591779470443,0.1272347569465637,-0.4595344066619873,0.375358813049216,-0.0786526203155517,0.1050557121634483,-0.4861470460891723,-0.0392233952879905,0.1504886597394943,-0.427275002002716,0.0315,0.0,0.0,-0.0315,0.0,0.0,5b0cd164-67f0-4590-9c99-356b1a60afcd
922884091707,-0.0619460791349411,0.1337998658418655,-0.4582584202289581,0.3574492272331049,-0.0813316851854324,0.11128731071949,-0.484696626663208,-0.0416237823665142,0.1572125703096389,-0.4272523522377014,0.0315,0.0,0.0,-0.0315,0.0,0.0,5b0cd164-67f0-4590-9c99-356b1a60afcd
922884191707,-0.0606406703591346,0.1301252841949463,-0.4596983194351196,0.367118959047358,-0.0801673009991645,0.1094020083546638,-0.4855878055095672,-0.0402093715965747,0.1516560465097427,-0.4302824139595032,0.0315,0.0,0.0,-0.0315,0.0,0.0,5b0cd164-67f0-4590-9c99-356b1a60afcd
922884291707,-0.0621271505951881,0.1328599452972412,-0.4573596715927124,0.3586991429793309,-0.0818171426653862,0.1104857176542282,-0.4840351641178131,-0.0414584316313266,0.1562566012144088,-0.4262431859970093,0.0315,0.0,0.0,-0.0315,0.0,0.0,5b0cd164-67f0-4590-9c99-356b1a60afcd
922884391707,-0.063886247575283,0.1279401034116745,-0.4499760866165161,0.3633865048829819,-0.083472654223442,0.1069236248731613,-0.4757766425609588,-0.0433964990079402,0.1497875601053238,-0.4218327403068542,0.0315,0.0,0.0,-0.0315,0.0,0.0,5b0cd164-67f0-4590-9c99-356b1a60afcd
922884491707,-0.0560671165585517,0.1375579535961151,-0.4503241777420044,0.3599140892953976,-0.0755256414413452,0.1157899126410484,-0.4763797521591186,-0.0357304289937019,0.1602141410112381,-0.4205729365348816,0.0315,0.0,0.0,-0.0315,0.0,0.0,5b0cd164-67f0-4590-9c99-356b1a60afcd
922884591707,-0.0290883593261241,0.1409875303506851,-0.4382225275039673,0.4073362368415036,-0.0489343889057636,0.1183870732784271,-0.465280532836914,-0.0083466582000255,0.1647272408008575,-0.4070680141448974,0.0315,0.0,0.0,-0.0315,0.0,0.0,5b0cd164-67f0-4590-9c99-356b1a60afcd
922884691707,-0.0238366052508354,0.1474616974592209,-0.4423518180847168,0.4050347960413563,-0.0434046313166618,0.1257357150316238,-0.4687678217887878,-0.0032121166586875,0.1701211780309677,-0.4125393033027649,0.0315,0.0,0.0,-0.0315,0.0,0.0,5b0cd164-67f0-4590-9c99-356b1a60afcd
922884791707,0.001502189785242,0.1816352307796478,-0.4540770649909973,0.3861834612563888,-0.0176678113639354,0.1589747667312622,-0.4807043671607971,0.0217363238334655,0.2050030827522277,-0.4249199032783508,0.0315,0.0,0.0,-0.0315,0.0,0.0,5b0cd164-67f0-4590-9c99-356b1a60afcd
922884891707,-0.0013428032398223,0.1778050065040588,-0.4573507308959961,0.3890781902318952,-0.0203467980027198,0.1547711491584777,-0.4840539693832397,0.0187982097268104,0.2018059492111206,-0.4271578788757324,0.0315,0.0,0.0,-0.0315,0.0,0.0,5b0cd164-67f0-4590-9c99-356b1a60afcd
922884991707,-0.0390402227640152,0.2258781343698501,-0.6525571942329407,0.2957642722044342,-0.068299651145935,0.1854943633079528,-0.6896083354949951,-0.0090878941118717,0.2660695016384125,-0.604008674621582,0.0315,0.0,0.0,-0.0315,0.0,0.0,5b0cd164-67f0-4590-9c99-356b1a60afcd
922885091707,-0.0239280499517917,0.224670723080635,-0.6595864295959473,0.3168091668209152,-0.0558078549802303,0.1823058277368545,-0.6991415023803711,0.0081379227340221,0.2668496370315552,-0.6052848100662231,0.0315,0.0,0.0,-0.0315,0.0,0.0,5b0cd164-67f0-4590-9c99-356b1a60afcd
922885191707,-0.0238035395741462,0.216187834739685,-0.6586631536483765,0.3282426170336303,-0.0562653690576553,0.168201059103012,-0.700765073299408,0.0087155997753143,0.2636424005031585,-0.6003652811050415,0.0315,0.0,0.0,-0.0315,0.0,0.0,5b0cd164-67f0-4590-9c99-356b1a60afcd
922885291707,-0.0263447798788547,0.2236992716789245,-0.6573987007141113,0.3145030698271954,-0.0567122586071491,0.1789676547050476,-0.6972951889038086,0.0045904219150543,0.2685330510139465,-0.601033091545105,0.0315,0.0,0.0,-0.0315,0.0,0.0,5b0cd164-67f0-4590-9c99-356b1a60afcd
922885391707,-0.0345951877534389,0.2144320607185363,-0.6366692185401917,0.3112752797670475,-0.0615229606628418,0.1709240972995758,-0.675097644329071,-0.0067107416689395,0.2578254044055938,-0.5812740325927734,0.0315,0.0,0.0,-0.0315,0.0,0.0,5b0cd164-67f0-4590-9c99-356b1a60afcd
922885491707,-0.0161508731544017,0.1541658192873001,-0.4772107601165771,0.4142153327898343,-0.0351524464786052,0.130021646618843,-0.5050880908966064,0.0038146525621414,0.1796323657035827,-0.4421375393867492,0.0315,0.0,0.0,-0.0315,0.0,0.0,5b0cd164-67f0-4590-9c99-356b1a60afcd
922885591707,-0.0085823126137256,0.1751477569341659,-0.4793112874031067,0.3837306068590108,-0.0280534252524375,0.1494902521371841,-0.5077535510063171,0.0117686763405799,0.2024248540401458,-0.4424646496772766,0.0315,0.0,0.0,-0.0315,0.0,0.0,5b0cd164-67f0-4590-9c99-356b1a60afcd
922885691707,-0.0015792772173881,0.1907745599746704,-0.4909482896327972,0.3682138582719022,-0.0276715755462646,0.1646193116903305,-0.520773708820343,0.0252551212906837,0.2186292558908462,-0.4510361552238464,0.0315,0.0,0.0,-0.0315,0.0,0.0,5b0cd164-67f0-4590-9c99-356b1a60afcd
922885791707,0.0019961521029472,0.1969501227140426,-0.4994915723800659,0.3647270704072381,-0.0184693858027458,0.1692084074020385,-0.5288567543029785,0.023449320346117,0.226258784532547,-0.4622040390968323,0.0315,0.0,0.0,-0.0315,0.0,0.0,5b0cd164-67f0-4590-9c99-356b1a60afcd
922885891707,0.0263692364096641,0.2285918444395065,-0.5260910391807556,0.355369366520935,0.0048450082540512,0.2005608975887298,-0.5555903911590576,0.0492897778749465,0.2580778300762176,-0.4904247224330902,0.0315,0.0,0.0,-0.0315,0.0,0.0,5b0cd164-67f0-4590-9c99-356b1a60afcd
922885991707,0.0325425118207931,0.2302591800689697,-0.5323565602302551,0.3646074103449892,0.0130306407809257,0.1998606473207473,-0.562496542930603,0.053343791514635,0.261975347995758,-0.4941934645175934,0.0315,0.0,0.0,-0.0315,0.0,0.0,5b0cd164-67f0-4590-9c99-356b1a60afcd
922886091707,1.2658536434173584e-05,0.1982806324958801,-0.564051628112793,0.3723891762414184,-0.135393276810646,0.1250993609428405,-0.6544325947761536,0.1193975135684013,0.2706602215766907,-0.4509570002555847,0.0315,0.0,0.0,-0.0315,0.0,0.0,5b0cd164-67f0-4590-9c99-356b1a60afcd
922886191707,0.0702237710356712,0.0758049264550209,-0.5574787259101868,4.0,-0.097877100110054,-0.0576443597674369,-0.6848628520965576,0.2187427282333374,0.2018123418092727,-0.4156109094619751,0.0315,0.0,0.0,-0.0315,0.0,0.0,5b0cd164-67f0-4590-9c99-356b1a60afcd
922886291707,-0.0215613096952438,0.2306834012269973,-0.6140115261077881,0.3017259350537815,-0.0573603697121143,0.1914747357368469,-0.6563613414764404,0.0143480002880096,0.2690908014774322,-0.5581024885177612,0.0315,0.0,0.0,-0.0315,0.0,0.0,5b0cd164-67f0-4590-9c99-356b1a60afcd
922886391707,-0.0194368176162242,0.2216083109378814,-0.6797117590904236,0.3320216785852534,-0.0532291196286678,0.1836778223514557,-0.7202388048171997,0.0155581682920455,0.2589819431304931,-0.6253337264060974,0.0315,0.0,0.0,-0.0315,0.0,0.0,5b0cd164-67f0-4590-9c99-356b1a60afcd
922886491707,-0.3857916593551636,-0.2018935680389404,-0.5849997997283936,0.3870550877477678,-0.4245940446853637,-0.2439833134412765,-0.6301027536392212,-0.3431406617164612,-0.1563871502876281,-0.528601348400116,0.0315,0.0,0.0,-0.0315,0.0,0.0,5b0cd164-67f0-4590-9c99-356b1a60afcd
922886591707,-0.3194908499717712,-0.1646718531847,-0.5607742071151733,0.4617331091436339,-0.3527471721172333,-0.1966464072465896,-0.5985876321792603,-0.2840374410152435,-0.1314463913440704,-0.515668511390686,0.0315,0.0,0.0,-0.0315,0.0,0.0,5b0cd164-67f0-4590-9c99-356b1a60afcd
922886691707,-0.3523144125938415,-0.1778599321842193,-0.527625560760498,0.3987747869482281,-0.3823537528514862,-0.2063594758510589,-0.5607060194015503,-0.3202759027481079,-0.1485553383827209,-0.4897528290748596,0.0315,0.0,0.0,-0.0315,0.0,0.0,5b0cd164-67f0-4590-9c99-356b1a60afcd
922886791707,-0.292125254869461,-0.1508936882019043,-0.5341542959213257,0.5015685974224552,-0.3210785686969757,-0.1791634857654571,-0.5680621862411499,-0.2617188096046448,-0.1215418651700019,-0.4942719936370849,0.0315,0.0,0.0,-0.0315,0.0,0.0,5b0cd164-67f0-4590-9c99-356b1a60afcd
922886891707,-0.037769392132759,0.2254878878593444,-0.6229406595230103,0.2912113876685347,-0.0666282549500465,0.1851109564304351,-0.6610174775123596,-0.0084727220237255,0.2659986317157745,-0.564460277557373,0.0315,0.0,0.0,-0.0315,0.0,0.0,5b0cd164-67f0-4590-9c99-356b1a60afcd
922886991707,-0.0637776628136634,0.1850204467773437,-0.586320161819458,0.3016887728078561,-0.092900700867176,0.1468055248260498,-0.6236765384674072,-0.0336233302950859,0.2229663729667663,-0.5311561822891235,0.0315,0.0,0.0,-0.0315,0.0,0.0,5b0cd164-67f0-4590-9c99-356b1a60afcd
922887091707,-0.0623243525624275,0.1739196330308914,-0.5493242144584656,0.3105996356805946,-0.089547298848629,0.1372528672218322,-0.5858618021011353,-0.0342262461781501,0.2105403393507003,-0.4964901804924011,0.0315,0.0,0.0,-0.0315,0.0,0.0,5b0cd164-67f0-4590-9c99-356b1a60afcd
922887191707,-0.0645772069692611,0.151647686958313,-0.5502119064331055,0.340064229360064,-0.0895141214132309,0.1206780523061752,-0.5836551189422607,-0.0389460921287536,0.1830804198980331,-0.5016791820526123,0.0315,0.0,0.0,-0.0315,0.0,0.0,5b0cd164-67f0-4590-9c99-356b1a60afcd
922887291707,-0.0723708048462867,0.1400231122970581,-0.5387047529220581,0.3440089056407263,-0.0965161621570587,0.1098496466875076,-0.5715551972389221,-0.0473604090511798,0.1705158650875091,-0.4915301203727722,0.0315,0.0,0.0,-0.0315,0.0,0.0,5b0cd164-67f0-4590-9c99-356b1a60afcd
922887391707,-0.0618764236569404,0.1517102122306823,-0.5502786040306091,0.3442846556835371,-0.0859057605266571,0.1233353838324546,-0.5822064280509949,-0.0368685089051723,0.1803663372993469,-0.503417432308197,0.0315,0.0,0.0,-0.0315,0.0,0.0,5b0cd164-67f0-4590-9c99-356b1a60afcd
922887491707,-0.0630710572004318,0.1328106671571731,-0.5455547571182251,0.3747431871087562,-0.0869418680667877,0.1038657128810882,-0.5778549313545227,-0.0383266620337963,0.1622180044651031,-0.4988392889499664,0.0315,0.0,0.0,-0.0315,0.0,0.0,5b0cd164-67f0-4590-9c99-356b1a60afcd
922887591707,-0.0771209448575973,0.1257550716400146,-0.5375272631645203,0.3601406818105749,-0.1012016460299491,0.0980494916439056,-0.5695210695266724,-0.0522104874253273,0.1539956778287887,-0.4903911054134369,0.0315,0.0,0.0,-0.0315,0.0,0.0,5b0cd164-67f0-4590-9c99-356b1a60afcd
922887691707,-0.0820293799042701,0.1084029972553253,-0.5349984169006348,0.3833560090096894,-0.1062523052096366,0.0791777968406677,-0.5680607557296753,-0.0568710416555404,0.138559490442276,-0.4869033992290497,0.0315,0.0,0.0,-0.0315,0.0,0.0,5b0cd164-67f0-4590-9c99-356b1a60afcd
922887791707,-0.0912162810564041,0.1084358394145965,-0.5337069034576416,0.3652867134755374,-0.1158975586295127,0.0791172608733177,-0.5668988823890686,-0.065527468919754,0.1385504454374313,-0.4865740537643432,0.0315,0.0,0.0,-0.0315,0.0,0.0,5b0cd164-67f0-4590-9c99-356b1a60afcd
922887891707,-0.0933379456400871,0.0930076912045478,-0.5344700813293457,0.3917343322525606,-0.1178381890058517,0.0636332035064697,-0.5679224133491516,-0.0677995756268501,0.1231923624873161,-0.4871346056461334,0.0315,0.0,0.0,-0.0315,0.0,0.0,5b0cd164-67f0-4590-9c99-356b1a60afcd
922887991707,-0.1073717251420021,0.0939865782856941,-0.5283023118972778,0.3610297994774677,-0.1321522742509842,0.0633322894573211,-0.5620695948600769,-0.0814138203859329,0.1254774034023285,-0.4796729683876037,0.0315,0.0,0.0,-0.0315,0.0,0.0,5b0cd164-67f0-4590-9c99-356b1a60afcd
922888091707,-0.1081487163901329,0.088981419801712,-0.5283068418502808,0.3688154608988787,-0.1330955177545547,0.0600493438541889,-0.5615009069442749,-0.0820576697587966,0.1187630891799926,-0.4806973338127136,0.0315,0.0,0.0,-0.0315,0.0,0.0,5b0cd164-67f0-4590-9c99-356b1a60afcd
922888191707,-0.1057559922337532,0.0876413881778717,-0.5299755334854126,0.3763491906018281,-0.1304826885461807,0.0585249438881874,-0.5633196234703064,-0.0799229219555854,0.1176319941878318,-0.4819350242614746,0.0315,0.0,0.0,-0.0315,0.0,0.0,5b0cd164-67f0-4590-9c99-356b1a60afcd
922888291707,-0.1027535274624824,0.0930846408009529,-0.5297102928161621,0.3715850950910379,-0.1273042410612106,0.0625374168157577,-0.5634994506835938,-0.0770069658756256,0.1242475658655166,-0.4823519587516784,0.0315,0.0,0.0,-0.0315,0.0,0.0,5b0cd164-67f0-4590-9c99-356b1a60afcd
922888391707,-0.1070475801825523,0.0996617302298545,-0.5366989374160767,0.3533706967310784,-0.1313193142414093,0.0709363967180252,-0.5691388845443726,-0.0815991535782814,0.1289673745632171,-0.491667777299881,0.0315,0.0,0.0,-0.0315,0.0,0.0,5b0cd164-67f0-4590-9c99-356b1a60afcd
922888491707,-0.0999425798654556,0.1022977232933044,-0.5242615342140198,0.3586116018555383,-0.1243916675448417,0.0710742622613906,-0.5581705570220947,-0.0743950828909874,0.1342799514532089,-0.4759983420372009,0.0315,0.0,0.0,-0.0315,0.0,0.0,5b0cd164-67f0-4590-9c99-356b1a60afcd
922888591707,-0.1005251035094261,0.1045568585395813,-0.5353853106498718,0.3559190244681808,-0.1248788461089134,0.0742277204990387,-0.5687388181686401,-0.075050413608551,0.1355126798152923,-0.4890790581703186,0.0315,0.0,0.0,-0.0315,0.0,0.0,5b0cd164-67f0-4590-9c99-356b1a60afcd
922888691707,-0.1021612286567688,0.097995325922966,-0.5340499877929688,0.3644499432165846,-0.1272549927234649,0.0661695152521133,-0.568481981754303,-0.076033279299736,0.1304347962141037,-0.4844635725021362,0.0315,0.0,0.0,-0.0315,0.0,0.0,5b0cd164-67f0-4590-9c99-356b1a60afcd
922888791707,-0.1007667258381843,0.0970430821180343,-0.534125804901123,0.3688192260382888,-0.1259978711605072,0.0669661238789558,-0.5680831670761108,-0.0745342150330543,0.1277206391096115,-0.4858068823814392,0.0315,0.0,0.0,-0.0315,0.0,0.0,5b0cd164-67f0-4590-9c99-356b1a60afcd
922888891707,-0.1065898090600967,0.0912080332636833,-0.5341660380363464,0.3688374785412919,-0.1321395337581634,0.0600976645946502,-0.5684699416160583,-0.0798958241939544,0.122837483882904,-0.4859319925308227,0.0315,0.0,0.0,-0.0315,0.0,0.0,5b0cd164-67f0-4590-9c99-356b1a60afcd
922888991707,-0.1018719524145126,0.1010700613260269,-0.5303915739059448,0.3586413713239205,-0.1275864988565445,0.0705578923225402,-0.5645058155059814,-0.0752675682306289,0.1320349872112274,-0.481747418642044,0.0315,0.0,0.0,-0.0315,0.0,0.0,5b0cd164-67f0-4590-9c99-356b1a60afcd
922889091707,-0.1070265918970108,0.1019737422466278,-0.5261021852493286,0.3473008144396713,-0.1331133246421814,0.0701803267002105,-0.5606721043586731,-0.0800045430660247,0.1343277692794799,-0.4764557778835296,0.0315,0.0,0.0,-0.0315,0.0,0.0,5b0cd164-67f0-4590-9c99-356b1a60afcd
922889191707,-0.1125707328319549,0.0982605516910553,-0.5321853160858154,0.3454795542205542,-0.138256549835205,0.0668327510356903,-0.5663948059082031,-0.0857908129692077,0.1300897002220153,-0.4836249947547912,0.0315,0.0,0.0,-0.0315,0.0,0.0,5b0cd164-67f0-4590-9c99-356b1a60afcd
922889291707,-0.1119785532355308,0.1060991957783699,-0.5418804883956909,0.3358548480705188,-0.1377955675125122,0.0737009271979332,-0.5764154195785522,-0.0851051062345504,0.1388856619596481,-0.4939659237861633,0.0315,0.0,0.0,-0.0315,0.0,0.0,5b0cd164-67f0-4590-9c99-356b1a60afcd
922889391707,-0.122804656624794,0.0995633527636528,-0.5511350035667419,0.3311552571423697,-0.1489909440279007,0.0692212283611297,-0.5849899053573608,-0.0950541570782661,0.1306827962398529,-0.5023923516273499,0.0315,0.0,0.0,-0.0315,0.0,0.0,5b0cd164-67f0-4590-9c99-356b1a60afcd
922889491707,-0.1254252642393112,0.1081269904971122,-0.5491218566894531,0.3147855656387469,-0.1516387611627578,0.0743443667888641,-0.5842145681381226,-0.0977369919419288,0.1425642073154449,-0.4980064630508423,0.0315,0.0,0.0,-0.0315,0.0,0.0,5b0cd164-67f0-4590-9c99-356b1a60afcd
922889591707,-0.138354942202568,0.1127823144197464,-0.5712478160858154,0.2966053670602797,-0.1647710800170898,0.076714314520359,-0.6070631742477417,-0.1100564748048782,0.1493888199329376,-0.5204053521156311,0.0315,0.0,0.0,-0.0315,0.0,0.0,5b0cd164-67f0-4590-9c99-356b1a60afcd
922889691707,-0.1387844532728195,0.0777971595525741,-0.5486705303192139,0.3393893219740502,-0.1647011637687683,0.0441967919468879,-0.5839889645576477,-0.1112792864441871,0.1121660694479942,-0.4986611008644104,0.0315,0.0,0.0,-0.0315,0.0,0.0,5b0cd164-67f0-4590-9c99-356b1a60afcd
922889791707,-0.1411714106798172,0.0989413633942604,-0.5529594421386719,0.3067546281487737,-0.1672074198722839,0.0638298243284225,-0.5886220932006836,-0.1133903190493583,0.1346099972724914,-0.5019481182098389,0.0315,0.0,0.0,-0.0315,0.0,0.0,5b0cd164-67f0-4590-9c99-356b1a60afcd
922889891707,-0.1365561485290527,0.1078504547476768,-0.5612740516662598,0.3029239377133755,-0.162708967924118,0.0726386904716491,-0.5969489216804504,-0.108713299036026,0.1436547040939331,-0.5106105804443359,0.0315,0.0,0.0,-0.0315,0.0,0.0,5b0cd164-67f0-4590-9c99-356b1a60afcd
922889991707,-0.1317929327487945,0.1176659539341926,-0.562386691570282,0.2969645147834017,-0.15892194211483,0.0807524845004081,-0.5988028049468994,-0.1030397787690162,0.1550741493701934,-0.5106614232063293,0.0315,0.0,0.0,-0.0315,0.0,0.0,5b0cd164-67f0-4590-9c99-356b1a60afcd
922890091707,0.0608403980731964,-0.0130493640899658,-0.5384646058082581,0.9923459747822412,-0.2090740650892257,-0.2501893043518066,-0.7355179190635681,0.3060130178928375,0.2062934637069702,-0.3315908312797546,0.0315,0.0,0.0,-0.0315,0.0,0.0,5b0cd164-67f0-4590-9c99-356b1a60afcd
922890191707,-0.0698006898164749,0.1081210151314735,-0.602216899394989,0.4284377989499119,-0.1315198242664337,0.0655340030789375,-0.6577800512313843,-0.0119068585336208,0.1524273753166198,-0.5237427949905396,0.0315,0.0,0.0,-0.0315,0.0,0.0,5b0cd164-67f0-4590-9c99-356b1a60afcd
922890291707,-0.1142874881625175,0.095672495663166,-0.5597532987594604,0.3527758907917639,-0.144316166639328,0.0575881376862525,-0.5992416739463806,-0.0834351629018783,0.1336351186037063,-0.5029243230819702,0.0315,0.0,0.0,-0.0315,0.0,0.0,5b0cd164-67f0-4590-9c99-356b1a60afcd
922890391707,-0.1206347197294235,0.1105397716164588,-0.5455468893051147,0.3173706197264767,-0.1476178616285324,0.0750194191932678,-0.5818095207214355,-0.0924453362822532,0.1460300534963607,-0.4930765032768249,0.0315,0.0,0.0,-0.0315,0.0,0.0,5b0cd164-67f0-4590-9c99-356b1a60afcd
922890491707,-0.1199309304356575,0.0653697997331619,-0.5172070860862732,0.389847685207857,-0.14658023416996,0.0355303436517715,-0.5520293712615967,-0.0922610089182853,0.0959367677569389,-0.467534989118576,0.0315,0.0,0.0,-0.0315,0.0,0.0,5b0cd164-67f0-4590-9c99-356b1a60afcd
922890591707,-0.1252303421497345,0.0888754576444625,-0.5403109192848206,0.3417421989776928,-0.1520075798034668,0.0569668635725975,-0.575687050819397,-0.0970767065882682,0.1213692128658294,-0.4900070130825043,0.0315,0.0,0.0,-0.0315,0.0,0.0,5b0cd164-67f0-4590-9c99-356b1a60afcd
922890691707,-0.1211138069629669,0.1216336861252784,-0.5702352523803711,0.3067964228643655,-0.1477674543857574,0.0842866376042366,-0.6070943474769592,-0.0928247794508934,0.1589493155479431,-0.5177843570709229,0.0315,0.0,0.0,-0.0315,0.0,0.0,5b0cd164-67f0-4590-9c99-356b1a60afcd
922890791707,-0.1649909913539886,0.0434877015650272,-0.565821647644043,0.3558328148919384,-0.1938213258981704,0.0098228454589843,-0.6030822396278381,-0.1345780789852142,0.0784081518650055,-0.5116578936576843,0.0315,0.0,0.0,-0.0315,0.0,0.0,5b0cd164-67f0-4590-9c99-356b1a60afcd
922890891707,-0.1476325690746307,0.067309595644474,-0.5634448528289795,0.3449985116434607,-0.1745546162128448,0.0334130711853504,-0.6000581383705139,-0.1189205795526504,0.1019935235381126,-0.5105670690536499,0.0315,0.0,0.0,-0.0315,0.0,0.0,5b0cd164-67f0-4590-9c99-356b1a60afcd
922890991707,-0.12856525182724,0.0914905071258544,-0.5613193511962891,0.3367437864317042,-0.1550079882144928,0.0561295002698898,-0.5980355143547058,-0.1007332429289817,0.1273412406444549,-0.5076935887336731,0.0315,0.0,0.0,-0.0315,0.0,0.0,5b0cd164-67f0-4590-9c99-356b1a60afcd
922891091707,-0.1349673420190811,0.0799802243709564,-0.5601613521575928,0.3444685379071487,-0.1613177806138992,0.0436509475111961,-0.5970311164855957,-0.1069721281528472,0.1168968304991722,-0.508277952671051,0.0315,0.0,0.0,-0.0315,0.0,0.0,5b0cd164-67f0-4590-9c99-356b1a60afcd
922891191707,-0.1215534433722496,0.0979849472641944,-0.5791005492210388,0.3414595071803131,-0.1475128829479217,0.0611632913351058,-0.6158101558685303,-0.0942257419228553,0.1351654976606369,-0.5274006724357605,0.0315,0.0,0.0,-0.0315,0.0,0.0,5b0cd164-67f0-4590-9c99-356b1a60afcd
922891291707,-0.1103530302643776,0.1131174117326736,-0.5768643617630005,0.3349435155408933,-0.1358380317687988,0.0743941664695739,-0.614015519618988,-0.0835122168064117,0.1519927084445953,-0.5232666730880737,0.0315,0.0,0.0,-0.0315,0.0,0.0,5b0cd164-67f0-4590-9c99-356b1a60afcd
922891391707,-0.040422223508358,0.2053661495447158,-0.5924150943756104,0.3060319889548583,-0.0656330436468124,0.1657342761754989,-0.6293861865997314,-0.0141392685472965,0.2447734177112579,-0.537534236907959,0.0315,0.0,0.0,-0.0315,0.0,0.0,5b0cd164-67f0-4590-9c99-356b1a60afcd
922891491707,0.0296145938336849,0.2750983238220215,-0.6003730893135071,0.3047185782607822,0.0061213672161102,0.2309493720531463,-0.637948751449585,0.0539710149168968,0.3189128041267395,-0.5462560653686523,0.0315,0.0,0.0,-0.0315,0.0,0.0,5b0cd164-67f0-4590-9c99-356b1a60afcd
922891591707,0.0242968723177909,0.2745635509490967,-0.5971781015396118,0.2983693739478715,0.0007873177528381,0.2292430847883224,-0.6353334784507751,0.0486542917788028,0.3195811808109283,-0.5412156581878662,0.0315,0.0,0.0,-0.0315,0.0,0.0,5b0cd164-67f0-4590-9c99-356b1a60afcd
922891691707,0.0078064128756523,0.2587051689624786,-0.5926935076713562,0.2976230637174945,-0.0160744823515415,0.2146406471729278,-0.6303263902664185,0.0323255509138107,0.3023865222930908,-0.5376670956611633,0.0315,0.0,0.0,-0.0315,0.0,0.0,5b0cd164-67f0-4590-9c99-356b1a60afcd
922891791707,-0.0017625205218791,0.235220119357109,-0.5822902917861938,0.3139847185579345,-0.0251118727028369,0.1920373439788818,-0.6194545030593872,0.0226211622357368,0.2779937386512756,-0.5283688306808472,0.0315,0.0,0.0,-0.0315,0.0,0.0,5b0cd164-67f0-4590-9c99-356b1a60afcd
922891891707,-0.0016097724437713,0.2325685918331146,-0.581544816493988,0.3176865164611603,-0.0251211188733577,0.1907914280891418,-0.6181949377059937,0.0227701887488365,0.2741140127182007,-0.5283801555633545,0.0315,0.0,0.0,-0.0315,0.0,0.0,5b0cd164-67f0-4590-9c99-356b1a60afcd
922891991707,-0.0029280222952365,0.2208960354328155,-0.5817068815231323,0.3328701082888556,-0.0264761745929718,0.181746631860733,-0.6175312399864197,0.021370030939579,0.2597562372684479,-0.5302031636238098,0.0315,0.0,0.0,-0.0315,0.0,0.0,5b0cd164-67f0-4590-9c99-356b1a60afcd
922892091707,-0.0090065225958824,0.2295296192169189,-0.5787249803543091,0.3114983381815548,-0.0329633317887783,0.1902330815792083,-0.6142368912696838,0.0158982947468757,0.2685293555259704,-0.5283828377723694,0.0315,0.0,0.0,-0.0315,0.0,0.0,5b0cd164-67f0-4590-9c99-356b1a60afcd
922892191707,-0.0098565965890884,0.2298594564199447,-0.5775297284126282,0.3097223769469745,-0.0336009189486503,0.1920461654663086,-0.6125751733779907,0.0149159058928489,0.2674485743045807,-0.5271390676498413,0.0315,0.0,0.0,-0.0315,0.0,0.0,5b0cd164-67f0-4590-9c99-356b1a60afcd
922892291707,-0.0024067014455795,0.2338297218084335,-0.5724304914474487,0.3130374134839942,-0.0265063010156154,0.1937970221042633,-0.6084946393966675,0.0226584002375602,0.2735632658004761,-0.5200812816619873,0.0315,0.0,0.0,-0.0315,0.0,0.0,5b0cd164-67f0-4590-9c99-356b1a60afcd
922892391707,-0.1607771217823028,0.0387921668589115,-0.520581066608429,0.3618307437321626,-0.1858974993228912,0.0067926123738288,-0.5551015734672546,-0.1340374648571014,0.0715343654155731,-0.4735318124294281,0.0315,0.0,0.0,-0.0315,0.0,0.0,5b0cd164-67f0-4590-9c99-356b1a60afcd
922892491707,-0.1501332372426986,0.0433598794043064,-0.5278232097625732,0.3750350393723889,-0.1754383742809295,0.0126340761780738,-0.5618049502372742,-0.1233852878212928,0.0745669677853584,-0.481977254152298,0.0315,0.0,0.0,-0.0315,0.0,0.0,5b0cd164-67f0-4590-9c99-356b1a60afcd
922892591707,-0.1300512999296188,0.0583594292402267,-0.5287196636199951,0.385795533481956,-0.1551050990819931,0.0242569707334041,-0.5643860101699829,-0.1035410165786743,0.0930124893784523,-0.4804677069187164,0.0315,0.0,0.0,-0.0315,0.0,0.0,5b0cd164-67f0-4590-9c99-356b1a60afcd
922892691707,-0.1347935497760772,0.056782592087984,-0.532393217086792,0.3801437540444109,-0.1599645763635635,0.0246041789650917,-0.5672329068183899,-0.1082179993391037,0.0895771160721778,-0.4844117164611816,0.0315,0.0,0.0,-0.0315,0.0,0.0,5b0cd164-67f0-4590-9c99-356b1a60afcd
922892791707,-0.1196664869785308,0.0610388964414596,-0.5328481197357178,0.4034254215215416,-0.1444702595472335,0.0305732674896717,-0.566994845867157,-0.093665212392807,0.0921741276979446,-0.4858964681625366,0.0315,0.0,0.0,-0.0315,0.0,0.0,5b0cd164-67f0-4590-9c99-356b1a60afcd
922892891707,-0.116977572441101,0.0729182660579681,-0.5261746048927307,0.3823860046332394,-0.1419375538825988,0.0439543277025222,-0.5593180656433105,-0.0909162014722824,0.1026036217808723,-0.4803523421287536,0.0315,0.0,0.0,-0.0315,0.0,0.0,5b0cd164-67f0-4590-9c99-356b1a60afcd
922892991707,-0.1090911999344825,0.0816508308053016,-0.5256110429763794,0.3806259222447422,-0.1340917348861694,0.0531537756323814,-0.5585925579071045,-0.0830179825425148,0.1108061149716377,-0.4788416922092438,0.0315,0.0,0.0,-0.0315,0.0,0.0,5b0cd164-67f0-4590-9c99-356b1a60afcd
922893091707,-0.249619260430336,-0.0592526271939277,-0.5377631783485413,0.3783888482506117,-0.2770043015480041,-0.0879999697208404,-0.5711212754249573,-0.220351442694664,-0.0296239852905273,-0.498062252998352,0.0315,0.0,0.0,-0.0315,0.0,0.0,5b0cd164-67f0-4590-9c99-356b1a60afcd
922893191707,-0.2396336495876312,-0.039631001651287,-0.5312917232513428,0.3596811531408044,-0.2662974596023559,-0.0693505778908729,-0.5645434856414795,-0.2113501578569412,-0.0091955438256263,-0.4917216897010803,0.0315,0.0,0.0,-0.0315,0.0,0.0,5b0cd164-67f0-4590-9c99-356b1a60afcd
922893291707,-0.2332224398851394,-0.0377150103449821,-0.5276777744293213,0.3675063665974096,-0.2599308490753174,-0.0670932680368423,-0.5609606504440308,-0.2050313353538513,-0.0073502361774444,-0.4869730174541473,0.0315,0.0,0.0,-0.0315,0.0,0.0,5b0cd164-67f0-4590-9c99-356b1a60afcd
922893391707,-0.2228245139122009,-0.0327321887016296,-0.5203741192817688,0.3769510706737387,-0.249332457780838,-0.0613622441887855,-0.5532659888267517,-0.1950064301490783,-0.0033686459064483,-0.4799408614635467,0.0315,0.0,0.0,-0.0315,0.0,0.0,5b0cd164-67f0-4590-9c99-356b1a60afcd
922893491707,-0.2179403007030487,-0.0253232382237911,-0.5171105861663818,0.3716526270246243,-0.2444742619991302,-0.054471205919981,-0.5503085255622864,-0.1902490109205246,0.0045044943690299,-0.4758479595184326,0.0315,0.0,0.0,-0.0315,0.0,0.0,5b0cd164-67f0-4590-9c99-356b1a60afcd
922893591707,-0.2182549089193344,-0.0228502415120601,-0.5191782116889954,0.3668044403727254,-0.2444050312042236,-0.0500831939280033,-0.5510715246200562,-0.1911344230175018,0.0050835013389587,-0.4806336760520935,0.0315,0.0,0.0,-0.0315,0.0,0.0,5b0cd164-67f0-4590-9c99-356b1a60afcd
922893691707,-0.0435478538274765,0.180486187338829,-0.5338730812072754,0.3243338353485873,-0.0654768943786621,0.1539963483810424,-0.5634158253669739,-0.0202182382345199,0.2075102180242538,-0.4929625988006592,0.0315,0.0,0.0,-0.0315,0.0,0.0,5b0cd164-67f0-4590-9c99-356b1a60afcd
922893791707,-0.0495336763560771,0.1766795963048935,-0.535809338092804,0.321682026604363,-0.071434885263443,0.1509813964366912,-0.5649735927581787,-0.0260775685310363,0.2029307335615158,-0.4957022666931152,0.0315,0.0,0.0,-0.0315,0.0,0.0,5b0cd164-67f0-4590-9c99-356b1a60afcd
922893891707,-0.0449127629399299,0.1759498417377472,-0.540379524230957,0.3303860255788468,-0.0662156790494918,0.1496981233358383,-0.5695486068725586,-0.0222639366984367,0.2027185410261154,-0.5006028413772583,0.0315,0.0,0.0,-0.0315,0.0,0.0,5b0cd164-67f0-4590-9c99-356b1a60afcd
922893991707,-0.04851795732975,0.1726498305797577,-0.5381724238395691,0.3295844909519964,-0.0698594152927398,0.145798310637474,-0.56747967004776,-0.0256283618509769,0.1998288035392761,-0.4984149038791656,0.0315,0.0,0.0,-0.0315,0.0,0.0,5b0cd164-67f0-4590-9c99-356b1a60afcd
922894091707,-0.0518241673707962,0.1714228838682174,-0.5368556976318359,0.3262912450337173,-0.0729603618383407,0.1447976678609848,-0.5660215616226196,-0.029231633991003,0.1984989196062088,-0.496535986661911,0.0315,0.0,0.0,-0.0315,0.0,0.0,5b0cd164-67f0-4590-9c99-356b1a60afcd
922894191707,-0.0455569587647914,0.1762816756963729,-0.5399437546730042,0.3288390786824854,-0.0670958757400512,0.1500059515237808,-0.5691089630126953,-0.0224961414933204,0.2030179947614669,-0.4997724890708923,0.0315,0.0,0.0,-0.0315,0.0,0.0,5b0cd164-67f0-4590-9c99-356b1a60afcd
922894291707,-0.2274326533079147,-0.0445454902946949,-0.5071952939033508,0.3884997467017723,-0.2530402541160583,-0.0702779442071914,-0.538568377494812,-0.2004583775997162,-0.0177929401397705,-0.4691466093063354,0.0315,0.0,0.0,-0.0315,0.0,0.0,5b0cd164-67f0-4590-9c99-356b1a60afcd
922894391707,-0.2245942950248718,-0.0349783189594745,-0.5087230205535889,0.3753329777885978,-0.2500785887241363,-0.061744425445795,-0.5401867628097534,-0.1976904273033142,-0.0073949843645095,-0.4702859222888946,0.0315,0.0,0.0,-0.0315,0.0,0.0,5b0cd164-67f0-4590-9c99-356b1a60afcd
922894491707,-0.2288806438446045,-0.0377698615193367,-0.5095542669296265,0.372333778499075,-0.2542443573474884,-0.0629160106182098,-0.5402961373329163,-0.2021338045597076,-0.0119887515902519,-0.4737281203269958,0.0315,0.0,0.0,-0.0315,0.0,0.0,5b0cd164-67f0-4590-9c99-356b1a60afcd
922894591707,-0.22827810049057,-0.0354588590562343,-0.5104470252990723,0.3692849729752373,-0.2541553378105163,-0.0614455193281173,-0.5419658422470093,-0.201118990778923,-0.0087253376841545,-0.472642570734024,0.0315,0.0,0.0,-0.0315,0.0,0.0,5b0cd164-67f0-4590-9c99-356b1a60afcd
922894691707,-0.2284527122974395,-0.0402317307889461,-0.513958752155304,0.3789445490720158,-0.2542341351509094,-0.0665317177772522,-0.5455998182296753,-0.2014462649822235,-0.0132098421454429,-0.476504385471344,0.0315,0.0,0.0,-0.0315,0.0,0.0,5b0cd164-67f0-4590-9c99-356b1a60afcd
922894791707,-0.2187132835388183,-0.035760261118412,-0.510083794593811,0.3895349702340355,-0.2438201308250427,-0.0600576549768447,-0.5409035086631775,-0.1922769099473953,-0.0107650011777877,-0.4730821847915649,0.0315,0.0,0.0,-0.0315,0.0,0.0,5b0cd164-67f0-4590-9c99-356b1a60afcd
922894891707,-0.2276063710451126,-0.0337757915258407,-0.5088357925415039,0.367090495529254,-0.2529730498790741,-0.0606906935572624,-0.5402998328208923,-0.20083849132061,-0.006216712296009,-0.4715918302536011,0.0315,0.0,0.0,-0.0315,0.0,0.0,5b0cd164-67f0-4590-9c99-356b1a60afcd
922894991707,-0.2216121703386306,-0.0306676849722862,-0.5124455690383911,0.3736910443888092,-0.2470142245292663,-0.0569698140025138,-0.5438501834869385,-0.1948693096637725,-0.003793179988861,-0.4746283590793609,0.0315,0.0,0.0,-0.0315,0.0,0.0,5b0cd164-67f0-4590-9c99-356b1a60afcd
922895091707,-0.22392338514328,-0.0335192270576953,-0.509338915348053,0.3739607485135462,-0.2498114854097366,-0.0601725913584232,-0.5408720970153809,-0.1970768421888351,-0.0060508400201797,-0.4715738296508789,0.0315,0.0,0.0,-0.0315,0.0,0.0,5b0cd164-67f0-4590-9c99-356b1a60afcd
922895191707,-0.2264184653759002,-0.0357200279831886,-0.5091692805290222,0.3732033811926228,-0.2523432970046997,-0.0618446469306945,-0.5402907133102417,-0.1995406448841095,-0.0088012516498565,-0.4719908237457275,0.0315,0.0,0.0,-0.0315,0.0,0.0,5b0cd164-67f0-4590-9c99-356b1a60afcd
922895291707,-0.2247934639453888,-0.0266559161245822,-0.5140711665153503,0.3603890392409003,-0.2505266070365906,-0.0529588274657726,-0.545184850692749,-0.1980571448802948,0.0004221647977828,-0.4765160381793976,0.0315,0.0,0.0,-0.0315,0.0,0.0,5b0cd164-67f0-4590-9c99-356b1a60afcd
922895391707,-0.225095510482788,-0.0274352915585041,-0.5178655385971069,0.3620030852217483,-0.2508903443813324,-0.0553199686110019,-0.5497003793716431,-0.1980634331703186,0.001160942018032,-0.4796508848667145,0.0315,0.0,0.0,-0.0315,0.0,0.0,5b0cd164-67f0-4590-9c99-356b1a60afcd
922895491707,-0.2147879302501678,-0.0169328637421131,-0.5256063938140869,0.3638143813117525,-0.2403642237186432,-0.0449630357325077,-0.5577260851860046,-0.1877366602420807,0.0118842050433158,-0.4874272346496582,0.0315,0.0,0.0,-0.0315,0.0,0.0,5b0cd164-67f0-4590-9c99-356b1a60afcd
922895591707,-0.2012628465890884,0.0091495737433433,-0.5100400447845459,0.3398533697484922,-0.2279524654150009,-0.0343078635632991,-0.5492775440216064,-0.1729389280080795,0.0538656190037727,-0.4566249847412109,0.0315,0.0,0.0,-0.0315,0.0,0.0,5b0cd164-67f0-4590-9c99-356b1a60afcd
922895691707,-0.2522314786911011,-0.0774103552103042,-0.6176382303237915,0.4329354283885169,-0.3792114853858948,-0.1853004097938537,-0.7218199968338013,-0.1313817054033279,0.0298740044236183,-0.4915883541107178,0.0315,0.0,0.0,-0.0315,0.0,0.0,5b0cd164-67f0-4590-9c99-356b1a60afcd
922895791707,-0.2518921196460724,-0.0585461519658565,-0.5247206091880798,0.3696723630830439,-0.2834492623806,-0.0882757380604744,-0.5610621571540833,-0.2184368669986724,-0.0277683809399604,-0.4787088632583618,0.0315,0.0,0.0,-0.0315,0.0,0.0,5b0cd164-67f0-4590-9c99-356b1a60afcd
922895891707,-0.2403256297111511,-0.0456677749752998,-0.5260785818099976,0.3682950286356612,-0.269023448228836,-0.0780755579471588,-0.5624094009399414,-0.2096853256225586,-0.0116736739873886,-0.476899117231369,0.0315,0.0,0.0,-0.0315,0.0,0.0,5b0cd164-67f0-4590-9c99-356b1a60afcd
922895991707,-0.2503208518028259,-0.0534238070249557,-0.536724865436554,0.3657205895531604,-0.2807238399982452,-0.0891939774155616,-0.5751819014549255,-0.2181261777877807,-0.0156001299619674,-0.4855693578720093,0.0315,0.0,0.0,-0.0315,0.0,0.0,5b0cd164-67f0-4590-9c99-356b1a60afcd
922896091707,-0.2447821795940399,-0.0289520174264907,-0.5504076480865479,0.3370736392939928,-0.2742897570133209,-0.0657698810100555,-0.5888935923576355,-0.2134253084659576,0.0098647326231002,-0.4971644282341003,0.0315,0.0,0.0,-0.0315,0.0,0.0,5b0cd164-67f0-4590-9c99-356b1a60afcd
922896191707,-0.2292675524950027,-0.018340528011322,-0.5516608953475952,0.3459885081716569,-0.2579259276390075,-0.0545525886118412,-0.5896700620651245,-0.1989364326000213,0.0197029560804367,-0.499092549085617,0.0315,0.0,0.0,-0.0315,0.0,0.0,5b0cd164-67f0-4590-9c99-356b1a60afcd
922896291707,-0.2191702723503112,-0.010600633919239,-0.569953441619873,0.3544168006546301,-0.2480358183383941,-0.0488024242222309,-0.6090922355651855,-0.1885951906442642,0.0295124724507331,-0.5156897902488708,0.0315,0.0,0.0,-0.0315,0.0,0.0,5b0cd164-67f0-4590-9c99-356b1a60afcd
922896391707,-0.1543083637952804,0.0526519007980823,-0.5714340209960938,0.3600058706989163,-0.1832265257835388,0.0183843187987804,-0.6088853478431702,-0.1238834336400032,0.0878860652446746,-0.5186194181442261,0.0315,0.0,0.0,-0.0315,0.0,0.0,5b0cd164-67f0-4590-9c99-356b1a60afcd
922896491707,-0.1325055509805679,0.0719150602817535,-0.5400890111923218,0.3578739436273225,-0.1581664532423019,0.0428192615509033,-0.5736020803451538,-0.1053072810173034,0.1016714200377464,-0.4933542311191559,0.0315,0.0,0.0,-0.0315,0.0,0.0,5b0cd164-67f0-4590-9c99-356b1a60afcd
922896591707,-0.0957603529095649,0.1044964790344238,-0.535814106464386,0.3646438036576763,-0.1210487186908721,0.0727444887161254,-0.5703468322753906,-0.0692351385951042,0.136922538280487,-0.4862399399280548,0.0315,0.0,0.0,-0.0315,0.0,0.0,5b0cd164-67f0-4590-9c99-356b1a60afcd
922896691707,-0.0917652770876884,0.1280684918165207,-0.5881657600402832,0.3430012904642588,-0.1211559996008873,0.0928908288478851,-0.6256739497184753,-0.0611263960599899,0.1637963354587555,-0.5341631770133972,0.0315,0.0,0.0,-0.0315,0.0,0.0,5b0cd164-67f0-4590-9c99-356b1a60afcd
922896791707,-0.1067332476377487,0.1254292279481887,-0.5843045711517334,0.3238551380626044,-0.135441318154335,0.0890505015850067,-0.6213757991790771,-0.0765442699193954,0.1623147577047348,-0.5316770076751709,0.0315,0.0,0.0,-0.0315,0.0,0.0,5b0cd164-67f0-4590-9c99-356b1a60afcd
922896891707,-0.0937200337648391,0.1371853947639465,-0.5846219658851624,0.3256202003448254,-0.1226994544267654,0.1013110652565956,-0.6216309666633606,-0.0633019804954528,0.1734140366315841,-0.5314319729804993,0.0315,0.0,0.0,-0.0315,0.0,0.0,5b0cd164-67f0-4590-9c99-356b1a60afcd
922896991707,-0.0439844951033592,0.1735267639160156,-0.5614148378372192,0.3398895116164568,-0.0748929679393768,0.1381828933954239,-0.5989920496940613,-0.0126476176083087,0.2093165516853332,-0.5076676607131958,0.0315,0.0,0.0,-0.0315,0.0,0.0,5b0cd164-67f0-4590-9c99-356b1a60afcd
922897091707,-0.0506949201226234,0.1546922028064727,-0.5509711503982544,0.3581271729941804,-0.0766190141439437,0.1228672787547111,-0.5852277278900146,-0.0240523815155029,0.1870146095752716,-0.4999136924743652,0.0315,0.0,0.0,-0.0315,0.0,0.0,5b0cd164-67f0-4590-9c99-356b1a60afcd
922897191707,-0.074418693780899,0.1625381112098693,-0.5500290393829346,0.3100226628558891,-0.1004675924777984,0.1244174540042877,-0.5865599513053894,-0.047255553305149,0.2010311633348465,-0.4962157011032104,0.0315,0.0,0.0,-0.0315,0.0,0.0,5b0cd164-67f0-4590-9c99-356b1a60afcd
922897291707,-0.0970897674560546,0.1376155912876129,-0.578554630279541,0.3190389795465956,-0.1275703459978103,0.0956885665655136,-0.6187536716461182,-0.0655178353190422,0.1798643320798874,-0.5217735767364502,0.0315,0.0,0.0,-0.0315,0.0,0.0,5b0cd164-67f0-4590-9c99-356b1a60afcd
922897391707,-0.1206527128815651,0.0864706635475158,-0.6071832180023193,0.3689695951847961,-0.150169089436531,0.0506516359746456,-0.6450586915016174,-0.0897748917341232,0.1230986565351486,-0.5538873076438904,0.0315,0.0,0.0,-0.0315,0.0,0.0,5b0cd164-67f0-4590-9c99-356b1a60afcd
922897491707,-0.1550034284591674,0.0411596447229385,-0.5845993757247925,0.3830663647868962,-0.1826704293489456,0.0023569613695144,-0.6237426996231079,-0.1258021593093872,0.0812482237815857,-0.5286883115768433,0.0315,0.0,0.0,-0.0315,0.0,0.0,5b0cd164-67f0-4590-9c99-356b1a60afcd
922897591707,0.1477144062519073,0.3117910027503967,-0.561650812625885,0.4374494452975974,0.1220074817538261,0.2708425521850586,-0.5998287200927734,0.173793226480484,0.3522919118404388,-0.5077252984046936,0.0315,0.0,0.0,-0.0315,0.0,0.0,5b0cd164-67f0-4590-9c99-356b1a60afcd
922897691707,0.2573724389076233,0.3989970088005066,-0.5429137945175171,0.4840696129860414,0.2330125421285629,0.3641205430030823,-0.5771172046661377,0.2820489704608917,0.4345641136169433,-0.504824697971344,0.0315,0.0,0.0,-0.0315,0.0,0.0,5b0cd164-67f0-4590-9c99-356b1a60afcd
922897791707,0.1918851882219314,0.336685299873352,-0.5271560549736023,0.4808474922838981,0.1681840866804123,0.3016815185546875,-0.5610370635986328,0.215679794549942,0.3726733326911926,-0.4864231944084167,0.0315,0.0,0.0,-0.0315,0.0,0.0,5b0cd164-67f0-4590-9c99-356b1a60afcd
922897891707,0.1814095228910446,0.3003749847412109,-0.5123162269592285,0.5852587980816172,0.1580586731433868,0.2666006088256836,-0.5465188026428223,0.2049586772918701,0.3351460099220276,-0.4714265465736389,0.0315,0.0,0.0,-0.0315,0.0,0.0,5b0cd164-67f0-4590-9c99-356b1a60afcd
922897991707,0.172956109046936,0.296563446521759,-0.4901166558265686,0.557723796540442,0.1509225666522979,0.2624276876449585,-0.5238576531410217,0.1953765451908111,0.3320605754852295,-0.4501421153545379,0.0315,0.0,0.0,-0.0315,0.0,0.0,5b0cd164-67f0-4590-9c99-356b1a60afcd
922898091707,0.1552698314189911,0.2783027291297912,-0.4856169819831848,0.5618573552863981,0.1337831020355224,0.2457205951213836,-0.5185271501541138,0.1771473884582519,0.3122669756412506,-0.4460846185684204,0.0315,0.0,0.0,-0.0315,0.0,0.0,5b0cd164-67f0-4590-9c99-356b1a60afcd
922898191707,0.14326873421669,0.2769684195518493,-0.4844475090503692,0.5175079174752522,0.1224770992994308,0.2438902109861374,-0.5170677900314331,0.1646647006273269,0.311403751373291,-0.4450499713420868,0.0315,0.0,0.0,-0.0315,0.0,0.0,5b0cd164-67f0-4590-9c99-356b1a60afcd
922898291707,0.1133285611867904,0.2448763698339462,-0.4821040630340576,0.5292774005237545,0.0932898968458175,0.2131678313016891,-0.5138424634933472,0.134346455335617,0.2781312167644501,-0.4413567185401916,0.0315,0.0,0.0,-0.0315,0.0,0.0,5b0cd164-67f0-4590-9c99-356b1a60afcd
922898391707,0.0987953394651413,0.2399042099714279,-0.494725614786148,0.497584410020953,0.0787139981985092,0.2102462649345398,-0.5257120132446289,0.1200208216905593,0.2709626257419586,-0.4549846053123474,0.0315,0.0,0.0,-0.0315,0.0,0.0,5b0cd164-67f0-4590-9c99-356b1a60afcd
922898491707,0.1020956188440322,0.2435631155967712,-0.4925146698951721,0.4953781860165209,0.0821830108761787,0.2118190377950668,-0.5241386890411377,0.1231391727924346,0.2766634821891784,-0.4515883922576904,0.0315,0.0,0.0,-0.0315,0.0,0.0,5b0cd164-67f0-4590-9c99-356b1a60afcd
922898591707,0.1113524287939071,0.2674890160560608,-0.5092083215713501,0.4509985189222987,0.0899837017059326,0.2383916527032852,-0.5403738617897034,0.1341309696435928,0.2978126108646393,-0.4672748148441314,0.0315,0.0,0.0,-0.0315,0.0,0.0,5b0cd164-67f0-4590-9c99-356b1a60afcd
922898691707,0.1884580552577972,0.3479206562042236,-0.5790996551513672,0.4493386177940258,0.1640262603759765,0.3061285614967346,-0.6168515682220459,0.2134755700826645,0.3892278671264648,-0.5295288562774658,0.0315,0.0,0.0,-0.0315,0.0,0.0,5b0cd164-67f0-4590-9c99-356b1a60afcd
922898791707,0.1853022575378418,0.3389652073383331,-0.559368371963501,0.4617848058535309,0.1604161113500595,0.2986629009246826,-0.5967197418212891,0.2107055485248565,0.3789425790309906,-0.5120648741722107,0.0315,0.0,0.0,-0.0315,0.0,0.0,5b0cd164-67f0-4590-9c99-356b1a60afcd
922898891707,0.1793366372585296,0.3396178781986236,-0.5494707822799683,0.4404604304090515,0.1548204123973846,0.2993582785129547,-0.5865606069564819,0.2045821100473404,0.3797559440135956,-0.5009962320327759,0.0315,0.0,0.0,-0.0315,0.0,0.0,5b0cd164-67f0-4590-9c99-356b1a60afcd
922898991707,0.1796526908874511,0.3384159505367279,-0.5704318881034851,0.4503520449627335,0.1560443490743637,0.300003707408905,-0.6063613891601562,0.203930914402008,0.3764774203300476,-0.5242141485214233,0.0315,0.0,0.0,-0.0315,0.0,0.0,5b0cd164-67f0-4590-9c99-356b1a60afcd
922899091707,0.1953935921192169,0.342087984085083,-0.5846278071403503,0.4902123493786883,0.1713089048862457,0.3033916354179382,-0.6210013031959534,0.2197526693344116,0.3803363144397735,-0.5386568903923035,0.0315,0.0,0.0,-0.0315,0.0,0.0,5b0cd164-67f0-4590-9c99-356b1a60afcd
922899191707,-0.120808333158493,-0.0909395813941955,-0.4867306053638458,2.3699234179923256,-0.3943943381309509,-0.3855814039707184,-0.7073898315429688,0.1322176158428192,0.180500715970993,-0.2399759888648986,0.0315,0.0,0.0,-0.0315,0.0,0.0,5b0cd164-67f0-4590-9c99-356b1a60afcd
922899291707,-0.3457459807395935,-0.2329032570123672,-0.5780050158500671,0.6303483147610541,-0.3971350193023681,-0.2840222418308258,-0.635126531124115,-0.291312575340271,-0.1772782951593399,-0.5082834959030151,0.0315,0.0,0.0,-0.0315,0.0,0.0,5b0cd164-67f0-4590-9c99-356b1a60afcd
922899391707,-0.2802909612655639,-0.0843120887875557,-0.5780238509178162,0.3743616789745457,-0.3136263787746429,-0.1326240599155426,-0.6230096817016602,-0.2445176988840103,-0.0334472358226776,-0.5158872604370117,0.0315,0.0,0.0,-0.0315,0.0,0.0,5b0cd164-67f0-4590-9c99-356b1a60afcd
922899491707,-0.1878078728914261,0.009234495460987,-0.5658526420593262,0.3755973080861687,-0.2189315408468246,-0.0421485491096973,-0.6119776964187622,-0.1551458090543747,0.0626265481114387,-0.4954650402069092,0.0315,0.0,0.0,-0.0315,0.0,0.0,5b0cd164-67f0-4590-9c99-356b1a60afcd
922899591707,-0.14382204413414,0.0607395879924297,-0.5508010387420654,0.3597702543490014,-0.1715871691703796,0.0161539986729621,-0.5927308797836304,-0.1146791502833366,0.106316402554512,-0.4871675372123718,0.0315,0.0,0.0,-0.0315,0.0,0.0,5b0cd164-67f0-4590-9c99-356b1a60afcd
922899691707,-0.1400744765996933,0.0637841075658798,-0.5211410522460938,0.3547829690105595,-0.166396677494049,0.0259609259665012,-0.5594778656959534,-0.1126744598150253,0.1022450774908065,-0.4645959734916687,0.0315,0.0,0.0,-0.0315,0.0,0.0,5b0cd164-67f0-4590-9c99-356b1a60afcd
922899791707,-0.1096339970827102,0.0941456407308578,-0.5317413210868835,0.3574267716071438,-0.1354796290397644,0.0573268271982669,-0.5689579844474792,-0.0827971696853637,0.1317273527383804,-0.4764644205570221,0.0315,0.0,0.0,-0.0315,0.0,0.0,5b0cd164-67f0-4590-9c99-356b1a60afcd
922899891707,-0.0875652283430099,0.0970112383365631,-0.52278071641922,0.3928141793155105,-0.1129390522837638,0.0635736435651779,-0.558752715587616,-0.061407633125782,0.1312296390533447,-0.4689171314239502,0.0315,0.0,0.0,-0.0315,0.0,0.0,5b0cd164-67f0-4590-9c99-356b1a60afcd
922899991707,-0.0852459892630577,0.1107834726572036,-0.5199063420295715,0.3690867856906371,-0.1106976866722107,0.0729109048843383,-0.5574219822883606,-0.0589717924594879,0.1493240892887115,-0.4633033573627472,0.0315,0.0,0.0,-0.0315,0.0,0.0,5b0cd164-67f0-4590-9c99-356b1a60afcd
922900091707,-0.0804356709122657,0.1059841364622116,-0.5144379138946533,0.3870264387300443,-0.1046552509069442,0.0713716596364975,-0.550239622592926,-0.0552326031029224,0.1413047909736633,-0.4612643122673034,0.0315,0.0,0.0,-0.0315,0.0,0.0,5b0cd164-67f0-4590-9c99-356b1a60afcd
922900191707,-0.0766921937465667,0.109317734837532,-0.5144667625427246,0.3878656641326622,-0.101197101175785,0.0748443007469177,-0.5504859089851379,-0.0511707551777362,0.1444139182567596,-0.4604328870773315,0.0315,0.0,0.0,-0.0315,0.0,0.0,5b0cd164-67f0-4590-9c99-356b1a60afcd
922900291707,-0.0691675394773483,0.1253171116113662,-0.5126243233680725,0.3703586798140902,-0.0938073173165321,0.0893173590302467,-0.5492041110992432,-0.0436173416674137,0.1619756668806076,-0.4574436545372009,0.0315,0.0,0.0,-0.0315,0.0,0.0,5b0cd164-67f0-4590-9c99-356b1a60afcd
922900391707,-0.0768462121486663,0.1188330799341201,-0.5198938846588135,0.3696846344454091,-0.1016654223203659,0.0805666670203208,-0.5573053359985352,-0.0510196276009082,0.1576412320137024,-0.4646158814430237,0.0315,0.0,0.0,-0.0315,0.0,0.0,5b0cd164-67f0-4590-9c99-356b1a60afcd
922900491707,-0.0786453410983085,0.1196436360478401,-0.5222929120063782,0.3652950139658827,-0.1035678684711456,0.0839660912752151,-0.5587896108627319,-0.0526473335921764,0.1558799147605896,-0.4688454568386078,0.0315,0.0,0.0,-0.0315,0.0,0.0,5b0cd164-67f0-4590-9c99-356b1a60afcd
922900591707,-0.0857033282518386,0.1195239052176475,-0.5247032642364502,0.3533834034658096,-0.110034130513668,0.0830225348472595,-0.561266303062439,-0.0600778833031654,0.1566210836172104,-0.4703482389450073,0.0315,0.0,0.0,-0.0315,0.0,0.0,5b0cd164-67f0-4590-9c99-356b1a60afcd
922900691707,-0.0810863673686981,0.1269176751375198,-0.5191798210144043,0.3474747618310244,-0.1056165322661399,0.0867373645305633,-0.5572535991668701,-0.0554680898785591,0.1675489246845245,-0.4616742730140686,0.0315,0.0,0.0,-0.0315,0.0,0.0,5b0cd164-67f0-4590-9c99-356b1a60afcd
922900791707,-0.0811302587389946,0.1285425126552581,-0.5281195640563965,0.3464643030201206,-0.1060080677270889,0.0914049372076988,-0.5650678873062134,-0.0550449714064598,0.1663990020751953,-0.4726504683494568,0.0315,0.0,0.0,-0.0315,0.0,0.0,5b0cd164-67f0-4590-9c99-356b1a60afcd
922900891707,-0.0781698673963546,0.1301861107349395,-0.5314555168151855,0.3493263257114514,-0.1023258119821548,0.0908039659261703,-0.5688104033470154,-0.0528278611600399,0.1702621579170227,-0.4751368761062622,0.0315,0.0,0.0,-0.0315,0.0,0.0,5b0cd164-67f0-4590-9c99-356b1a60afcd
922900991707,-0.0770619362592697,0.1349435448646545,-0.5291625261306763,0.3427730364043775,-0.1017669588327407,0.0921442583203315,-0.568321168422699,-0.051226120442152,0.1780982017517089,-0.4692122340202331,0.0315,0.0,0.0,-0.0315,0.0,0.0,5b0cd164-67f0-4590-9c99-356b1a60afcd
922901091707,-0.0776720494031906,0.1326253414154052,-0.5333057641983032,0.3464379005021809,-0.1022040620446205,0.0943564027547836,-0.5703184008598328,-0.0519104227423667,0.1714300811290741,-0.477955162525177,0.0315,0.0,0.0,-0.0315,0.0,0.0,5b0cd164-67f0-4590-9c99-356b1a60afcd
922901191707,-0.0791474729776382,0.1337679773569107,-0.5312849283218384,0.3417414317686681,-0.1037885546684265,0.0950323045253753,-0.5685443878173828,-0.053274892270565,0.1730298846960067,-0.4746157526969909,0.0315,0.0,0.0,-0.0315,0.0,0.0,5b0cd164-67f0-4590-9c99-356b1a60afcd
922901291707,-0.0766634047031402,0.1289510130882263,-0.5247259140014648,0.3526298136676422,-0.1013718545436859,0.0906403511762619,-0.562140941619873,-0.050868846476078,0.1679892092943191,-0.467668741941452,0.0315,0.0,0.0,-0.0315,0.0,0.0,5b0cd164-67f0-4590-9c99-356b1a60afcd
922901391707,-0.0769930034875869,0.1263849437236786,-0.5308870077133179,0.3578337156940438,-0.101498544216156,0.0869513675570488,-0.5686938762664795,-0.0511709451675415,0.166413351893425,-0.4737083911895752,0.0315,0.0,0.0,-0.0315,0.0,0.0,5b0cd164-67f0-4590-9c99-356b1a60afcd
922901491707,-0.080018550157547,0.1337718069553375,-0.5355745553970337,0.3412000540986817,-0.1050104722380638,0.0922303348779678,-0.5740479230880737,-0.053877655416727,0.1757041811943054,-0.4774164855480194,0.0315,0.0,0.0,-0.0315,0.0,0.0,5b0cd164-67f0-4590-9c99-356b1a60afcd
922901591707,-0.0714868754148483,0.1408709287643432,-0.5428488850593567,0.3449113638223553,-0.0958990156650543,0.1025659143924713,-0.5800274610519409,-0.0456429719924926,0.1795031577348709,-0.4866344928741455,0.0315,0.0,0.0,-0.0315,0.0,0.0,5b0cd164-67f0-4590-9c99-356b1a60afcd
922901691707,-0.0580345951020717,0.13811095058918,-0.5120527148246765,0.3668985466061524,-0.0794510394334793,0.1117973923683166,-0.5419962406158447,-0.0354325585067272,0.1652267426252365,-0.4719119071960449,0.0315,0.0,0.0,-0.0315,0.0,0.0,5b0cd164-67f0-4590-9c99-356b1a60afcd
922901791707,-0.0461636781692504,0.1247541010379791,-0.5187116861343384,0.4229861714106541,-0.0677932351827621,0.0961678847670555,-0.5505057573318481,-0.0232688263058662,0.1541098952293396,-0.4753948450088501,0.0315,0.0,0.0,-0.0315,0.0,0.0,5b0cd164-67f0-4590-9c99-356b1a60afcd
922901891707,-0.0447176694869995,0.1367649137973785,-0.5163500308990479,0.3975614679559638,-0.0665619224309921,0.1069494038820266,-0.5484265089035034,-0.0215732939541339,0.1671752333641052,-0.4727753102779388,0.0315,0.0,0.0,-0.0315,0.0,0.0,5b0cd164-67f0-4590-9c99-356b1a60afcd
922901991707,-0.0397598035633564,0.143621489405632,-0.5172930359840393,0.3934906547064031,-0.0616537854075431,0.1121293306350708,-0.55014967918396,-0.0164204724133014,0.1757385581731796,-0.4718202948570251,0.0315,0.0,0.0,-0.0315,0.0,0.0,5b0cd164-67f0-4590-9c99-356b1a60afcd
922902091707,-0.0307531245052814,0.1523236036300659,-0.5239297151565552,0.395400822757179,-0.0528201647102832,0.12202999740839,-0.5562763810157776,-0.0072489343583583,0.1830182522535324,-0.4794650077819824,0.0315,0.0,0.0,-0.0315,0.0,0.0,5b0cd164-67f0-4590-9c99-356b1a60afcd
922902191707,-0.0283289924263954,0.1591471582651138,-0.523739218711853,0.3858855911394733,-0.0505239441990852,0.1299003511667251,-0.5554248094558716,-0.0049603357911109,0.1889303475618362,-0.4799564480781555,0.0315,0.0,0.0,-0.0315,0.0,0.0,5b0cd164-67f0-4590-9c99-356b1a60afcd
922902291707,-0.0073089338839054,0.1671824753284454,-0.5134850740432739,0.4118102385830969,-0.0283412560820579,0.1421577334403991,-0.5426419377326965,0.0148423612117767,0.1932480037212371,-0.4740052223205566,0.0315,0.0,0.0,-0.0315,0.0,0.0,5b0cd164-67f0-4590-9c99-356b1a60afcd
922902391707,-0.0083304233849048,0.1777995228767395,-0.5105379223823547,0.3850990975277935,-0.0289899930357933,0.1489301025867462,-0.5407174229621887,0.0133477188646793,0.207644984126091,-0.4706770479679107,0.0315,0.0,0.0,-0.0315,0.0,0.0,5b0cd164-67f0-4590-9c99-356b1a60afcd
922902491707,-0.0132890827953815,0.1825813502073288,-0.5120797157287598,0.3661521661599893,-0.0341333635151386,0.1556864827871322,-0.5413220524787903,0.0085021629929542,0.2102693170309066,-0.4730645418167114,0.0315,0.0,0.0,-0.0315,0.0,0.0,5b0cd164-67f0-4590-9c99-356b1a60afcd
922902591707,-0.0054905340075492,0.1781464219093322,-0.5144410729408264,0.3911442191901563,-0.0260510481894016,0.1516426801681518,-0.5437206029891968,0.0162003859877586,0.20567487180233,-0.4752576351165771,0.0315,0.0,0.0,-0.0315,0.0,0.0,5b0cd164-67f0-4590-9c99-356b1a60afcd
922902691707,-0.0082669034600257,0.1870512813329696,-0.5179274678230286,0.3682142562284154,-0.0294401608407497,0.1603363454341888,-0.5473378300666809,0.0139484703540802,0.2144805490970611,-0.4783359169960022,0.0315,0.0,0.0,-0.0315,0.0,0.0,5b0cd164-67f0-4590-9c99-356b1a60afcd
922902791707,0.0037441626191139,0.1966601610183715,-0.5199517011642456,0.3727780270835313,-0.0173516385257244,0.1692606210708618,-0.5497737526893616,0.0257247611880302,0.2248743176460266,-0.4785934686660766,0.0315,0.0,0.0,-0.0315,0.0,0.0,5b0cd164-67f0-4590-9c99-356b1a60afcd
922902891707,0.0216498151421546,0.2179052978754043,-0.5268493890762329,0.3668478945306561,-0.0003146007657051,0.1891868114471435,-0.5571063160896301,0.0445215031504631,0.2474528402090072,-0.4859623312950134,0.0315,0.0,0.0,-0.0315,0.0,0.0,5b0cd164-67f0-4590-9c99-356b1a60afcd
922902991707,0.0217937305569648,0.2091999948024749,-0.5248984694480896,0.3840938302604575,0.0001525208353996,0.1823447048664093,-0.554587185382843,0.044233463704586,0.2367921024560928,-0.4844276010990143,0.0315,0.0,0.0,-0.0315,0.0,0.0,5b0cd164-67f0-4590-9c99-356b1a60afcd
922903091707,-0.0003831759095191,0.1750875264406204,-0.4910799264907837,0.4042082141257148,-0.0202914588153362,0.1476783454418182,-0.5207041501998901,0.0202634595334529,0.2036231011152267,-0.4514383971691131,0.0315,0.0,0.0,-0.0315,0.0,0.0,5b0cd164-67f0-4590-9c99-356b1a60afcd
922903191707,-0.0050624310970306,0.1776788830757141,-0.496785432100296,0.3892715331733535,-0.0249835401773452,0.1498999893665313,-0.5262404680252075,0.0156330801546573,0.206572413444519,-0.4582854807376861,0.0315,0.0,0.0,-0.0315,0.0,0.0,5b0cd164-67f0-4590-9c99-356b1a60afcd
922903291707,-0.0123964957892894,0.1715778857469558,-0.4953503012657165,0.3866145232493128,-0.0333645455539226,0.1440327912569046,-0.5251691341400146,0.0095398873090744,0.2002856731414795,-0.456428587436676,0.0315,0.0,0.0,-0.0315,0.0,0.0,5b0cd164-67f0-4590-9c99-356b1a60afcd
922903391707,-0.0066223181784152,0.1323560029268264,-0.4163114726543426,0.4937060229952691,-0.0257223770022392,0.1109843701124191,-0.4429436326026916,0.0130506716668605,0.1546835154294967,-0.3850906789302826,0.0315,0.0,0.0,-0.0315,0.0,0.0,5b0cd164-67f0-4590-9c99-356b1a60afcd
922903491707,-0.0081740990281105,0.1408842206001281,-0.4190981388092041,0.46065384529503,-0.0272084288299083,0.1203347146511077,-0.4451300501823425,0.0116129927337169,0.162328615784645,-0.3896903693675995,0.0315,0.0,0.0,-0.0315,0.0,0.0,5b0cd164-67f0-4590-9c99-356b1a60afcd
922903591707,0.0127168223261833,0.13656547665596,-0.3906016051769256,0.5476646680211609,-0.0063394382596015,0.1137247532606124,-0.4180590808391571,0.0323339439928531,0.1603609472513198,-0.3580043315887451,0.0315,0.0,0.0,-0.0315,0.0,0.0,5b0cd164-67f0-4590-9c99-356b1a60afcd
922903691707,0.0133384503424167,0.1464080065488815,-0.4077577590942383,0.5130569827608793,-0.0059408955276012,0.1247859895229339,-0.4347865581512451,0.0330519750714302,0.1689166873693466,-0.3759125173091888,0.0315,0.0,0.0,-0.0315,0.0,0.0,5b0cd164-67f0-4590-9c99-356b1a60afcd
922903791707,0.005153939127922,0.1160003393888473,-0.3758470118045807,0.6091072378474678,-0.0127193108201026,0.0942707583308219,-0.4027197957038879,0.0238307863473892,0.1384920328855514,-0.3452475666999817,0.0315,0.0,0.0,-0.0315,0.0,0.0,5b0cd164-67f0-4590-9c99-356b1a60afcd
922903891707,-0.0021903552114963,0.1273331940174102,-0.3769726753234863,0.5212373992681344,-0.0201643891632556,0.1036810055375099,-0.4044351875782013,0.0165225975215435,0.1518476903438568,-0.3451385200023651,0.0315,0.0,0.0,-0.0315,0.0,0.0,5b0cd164-67f0-4590-9c99-356b1a60afcd
922903991707,0.002074409276247,0.1444234699010849,-0.4235629439353943,0.4831347854677503,-0.0172656215727329,0.1213791072368621,-0.4510197043418884,0.0219497866928577,0.1685685515403747,-0.3906636238098144,0.0315,0.0,0.0,-0.0315,0.0,0.0,5b0cd164-67f0-4590-9c99-356b1a60afcd
922904091707,0.0079559050500392,0.1941070705652237,-0.5161343812942505,0.3855349271182823,-0.011318352073431,0.1646763682365417,-0.5459107756614685,0.028217040002346,0.2246427088975906,-0.4791086316108703,0.0315,0.0,0.0,-0.0315,0.0,0.0,5b0cd164-67f0-4590-9c99-356b1a60afcd
922904191707,0.0120538286864757,0.2055923640727996,-0.5490303039550781,0.3775385849256166,-0.0079472362995147,0.1778682917356491,-0.578497052192688,0.0331564545631408,0.2339317798614502,-0.5118619203567505,0.0315,0.0,0.0,-0.0315,0.0,0.0,5b0cd164-67f0-4590-9c99-356b1a60afcd
922904291707,0.0380284301936626,0.2224632650613784,-0.536500096321106,0.392055267496876,0.0179810971021652,0.1928643733263015,-0.5666989088058472,0.0591008439660072,0.252812922000885,-0.4970997273921966,0.0315,0.0,0.0,-0.0315,0.0,0.0,5b0cd164-67f0-4590-9c99-356b1a60afcd
922904391707,0.051869910210371,0.2300246059894561,-0.5469979643821716,0.407736764388917,0.0318683758378028,0.1992941945791244,-0.5776731967926025,0.0729341357946395,0.2614608407020569,-0.5077358484268188,0.0315,0.0,0.0,-0.0315,0.0,0.0,5b0cd164-67f0-4590-9c99-356b1a60afcd
922904491707,-0.0404100380837917,0.1692926585674286,-0.5835838317871094,0.3577141787099578,-0.0625625401735305,0.1339153945446014,-0.6175429224967957,-0.0167207159101963,0.2048302739858627,-0.5359306335449219,0.0315,0.0,0.0,-0.0315,0.0,0.0,5b0cd164-67f0-4590-9c99-356b1a60afcd
922904591707,-0.0404442399740219,0.1809459179639816,-0.5726649761199951,0.3361179622197939,-0.0625482648611068,0.1469672471284866,-0.6058717370033264,-0.0170969106256961,0.2146586924791336,-0.5277300477027893,0.0315,0.0,0.0,-0.0315,0.0,0.0,5b0cd164-67f0-4590-9c99-356b1a60afcd
922904691707,-0.0234318301081657,0.1883648931980133,-0.5808391571044922,0.3529015603326792,-0.045847088098526,0.1555647999048233,-0.6137135028839111,0.0002892278134822,0.2209352254867553,-0.5354772210121155,0.0315,0.0,0.0,-0.0315,0.0,0.0,5b0cd164-67f0-4590-9c99-356b1a60afcd
922904791707,0.0042170770466327,0.2264061272144317,-0.5619998574256897,0.3308460338644598,-0.0173990726470947,0.194531574845314,-0.5936490893363953,0.026735384017229,0.2584983110427856,-0.5170797109603882,0.0315,0.0,0.0,-0.0315,0.0,0.0,5b0cd164-67f0-4590-9c99-356b1a60afcd
922904891707,0.0076966397464275,0.2215598076581955,-0.5585300922393799,0.3431263882177129,-0.0137802734971046,0.1906052976846695,-0.5897825956344604,0.0300850793719291,0.2526857852935791,-0.5148365497589111,0.0315,0.0,0.0,-0.0315,0.0,0.0,5b0cd164-67f0-4590-9c99-356b1a60afcd
922904991707,0.0056478977203369,0.2166699767112732,-0.5587792992591858,0.3480110707370868,-0.0161771140992641,0.1835032850503921,-0.5915050506591797,0.028703399002552,0.2500950992107391,-0.51201331615448,0.0315,0.0,0.0,-0.0315,0.0,0.0,5b0cd164-67f0-4590-9c99-356b1a60afcd
922905091707,-0.0006974935531616,0.224871277809143,-0.553661048412323,0.3243256734210241,-0.0228153243660926,0.1899750679731369,-0.5868427753448486,0.0227314047515392,0.2598745822906494,-0.505997359752655,0.0315,0.0,0.0,-0.0315,0.0,0.0,5b0cd164-67f0-4590-9c99-356b1a60afcd
922905191707,0.0130348578095436,0.2230441719293594,-0.5477418899536133,0.346997430053274,-0.008435696363449,0.1890182346105575,-0.5806946158409119,0.0356734618544578,0.2574462294578552,-0.4999275505542755,0.0315,0.0,0.0,-0.0315,0.0,0.0,5b0cd164-67f0-4590-9c99-356b1a60afcd
922905291707,0.0300905108451843,0.2231605052947998,-0.5843778848648071,0.3859326390040578,-0.101466417312622,0.1541481763124466,-0.6712492108345032,0.148222729563713,0.2891653180122375,-0.4851915836334228,0.0315,0.0,0.0,-0.0315,0.0,0.0,5b0cd164-67f0-4590-9c99-356b1a60afcd
922905391707,0.0595088675618171,0.2491670846939087,-0.5363468527793884,0.3795037849115377,0.0383694358170032,0.2198580950498581,-0.5669193863868713,0.0822522938251495,0.2789572775363922,-0.4961965680122375,0.0315,0.0,0.0,-0.0315,0.0,0.0,5b0cd164-67f0-4590-9c99-356b1a60afcd
922905491707,0.057008471339941,0.2395450919866562,-0.5408798456192017,0.3959122806535021,0.0356708578765392,0.2091559022665023,-0.5719964504241943,0.0795736536383628,0.270336776971817,-0.4992728531360626,0.0315,0.0,0.0,-0.0315,0.0,0.0,5b0cd164-67f0-4590-9c99-356b1a60afcd
922905591707,-0.0498694777488708,0.1966537237167358,-0.5836823582649231,0.3036299310966275,-0.0754177868366241,0.1551408022642135,-0.6211923360824585,-0.0230819694697856,0.2382553815841674,-0.5267245769500732,0.0315,0.0,0.0,-0.0315,0.0,0.0,5b0cd164-67f0-4590-9c99-356b1a60afcd
922905691707,-0.062266819179058,0.2015766352415084,-0.6149195432662964,0.2896819124213539,-0.0925215929746627,0.1597294807434082,-0.6540894508361816,-0.0319355241954326,0.2432481795549392,-0.5540229082107544,0.0315,0.0,0.0,-0.0315,0.0,0.0,5b0cd164-67f0-4590-9c99-356b1a60afcd
922905791707,-0.0692959502339363,0.1895951926708221,-0.6222824454307556,0.2970818856738517,-0.0990080386400222,0.1479105800390243,-0.6615384817123413,-0.0389012917876243,0.2310196161270141,-0.5626868605613708,0.0315,0.0,0.0,-0.0315,0.0,0.0,5b0cd164-67f0-4590-9c99-356b1a60afcd
922905891707,-0.1466366350650787,0.0657435953617096,-0.5578713417053223,0.347968741121923,-0.1740142852067947,0.0280123129487037,-0.5958962440490723,-0.1181912496685981,0.1042442917823791,-0.5032915472984314,0.0315,0.0,0.0,-0.0315,0.0,0.0,5b0cd164-67f0-4590-9c99-356b1a60afcd
922905991707,-0.1451757848262787,0.0721780061721801,-0.5589529275894165,0.3402415067366531,-0.171587660908699,0.0309771634638309,-0.5981605052947998,-0.1172723025083541,0.1139506250619888,-0.502008855342865,0.0315,0.0,0.0,-0.0315,0.0,0.0,5b0cd164-67f0-4590-9c99-356b1a60afcd
922906091707,-0.1485032141208648,0.0569959245622158,-0.5602697134017944,0.3601404736104366,-0.1749072968959808,0.0173921734094619,-0.5991095304489136,-0.120794340968132,0.0973772257566452,-0.503459095954895,0.0315,0.0,0.0,-0.0315,0.0,0.0,5b0cd164-67f0-4590-9c99-356b1a60afcd
922906191707,-0.1470299661159515,0.0663247257471084,-0.5486927032470703,0.344413412281811,-0.1733683943748474,0.0250804498791694,-0.5881100296974182,-0.1192590743303299,0.1082640290260315,-0.4915929138660431,0.0315,0.0,0.0,-0.0315,0.0,0.0,5b0cd164-67f0-4590-9c99-356b1a60afcd
922906291707,-0.1099331080913543,0.1193310916423797,-0.5535571575164795,0.3216133562743298,-0.1365051716566085,0.0790644958615303,-0.5916417837142944,-0.0824597030878067,0.1598778963088989,-0.4967741370201111,0.0315,0.0,0.0,-0.0315,0.0,0.0,5b0cd164-67f0-4590-9c99-356b1a60afcd
922906391707,0.0279181413352489,0.2528872191905975,-0.5748224854469299,0.3280061498150919,0.0039163827896118,0.2072585821151733,-0.6137865781784058,0.0525216087698936,0.2983205616474151,-0.5159552097320557,0.0315,0.0,0.0,-0.0315,0.0,0.0,5b0cd164-67f0-4590-9c99-356b1a60afcd
922906491707,0.0109788030385971,0.2446596622467041,-0.578303873538971,0.3170762035803843,-0.012909397482872,0.1993404775857925,-0.6166673898696899,0.0354361534118652,0.2899896800518036,-0.5198134183883667,0.0315,0.0,0.0,-0.0315,0.0,0.0,5b0cd164-67f0-4590-9c99-356b1a60afcd
922906591707,-0.0229169838130474,0.2083509415388107,-0.5911887288093567,0.3247848280912107,-0.0483649969100952,0.1668403297662735,-0.6290711164474487,0.0037110149860382,0.2501434683799743,-0.5331223011016846,0.0315,0.0,0.0,-0.0315,0.0,0.0,5b0cd164-67f0-4590-9c99-356b1a60afcd
922906691707,-0.0512786246836185,0.1903478503227234,-0.5901854634284973,0.3112968161672104,-0.0779470205307006,0.146548181772232,-0.628996729850769,-0.0235445313155651,0.2340180724859237,-0.5319491624832153,0.0315,0.0,0.0,-0.0315,0.0,0.0,5b0cd164-67f0-4590-9c99-356b1a60afcd
922906791707,-0.0535823367536067,0.1894175261259079,-0.6002724766731262,0.3116802761900752,-0.0808348804712295,0.1497624814510345,-0.6377428770065308,-0.0253145024180412,0.2290056496858596,-0.5439456105232239,0.0315,0.0,0.0,-0.0315,0.0,0.0,5b0cd164-67f0-4590-9c99-356b1a60afcd
922906891707,0.0633853822946548,0.2842742204666137,-0.599218487739563,0.3371411550415278,0.0387095250189304,0.2398776859045028,-0.637808620929718,0.0884709432721138,0.328589379787445,-0.5432226061820984,0.0315,0.0,0.0,-0.0315,0.0,0.0,5b0cd164-67f0-4590-9c99-356b1a60afcd
922906991707,0.0513827428221702,0.2726431488990783,-0.586897075176239,0.3347215928272693,0.0265896916389465,0.2271724492311477,-0.625938892364502,0.0769617557525634,0.3180162012577057,-0.5286587476730347,0.0315,0.0,0.0,-0.0315,0.0,0.0,5b0cd164-67f0-4590-9c99-356b1a60afcd
922907091707,0.0688276216387748,0.2945528030395508,-0.5872628688812256,0.3266600923847418,0.0441696755588054,0.2529317140579223,-0.6244817972183228,0.0940867364406585,0.3361066877841949,-0.5341965556144714,0.0315,0.0,0.0,-0.0315,0.0,0.0,5b0cd164-67f0-4590-9c99-356b1a60afcd
922907191707,0.0642196089029312,0.2814559936523437,-0.5827165246009827,0.3392383982039551,0.0404541194438934,0.235018715262413,-0.6213488578796387,0.0885474756360054,0.3277331888675689,-0.5250646471977234,0.0315,0.0,0.0,-0.0315,0.0,0.0,5b0cd164-67f0-4590-9c99-356b1a60afcd
922907291707,-0.0472496375441551,0.1778723448514938,-0.5381959080696106,0.3236669459221079,-0.0736197680234909,0.131275400519371,-0.5785026550292969,-0.0199190005660057,0.2248961329460144,-0.4780104160308838,0.0315,0.0,0.0,-0.0315,0.0,0.0,5b0cd164-67f0-4590-9c99-356b1a60afcd
922907391707,-0.0844028741121292,0.1385135054588318,-0.5435845851898193,0.3286923289668587,-0.1112358644604682,0.0968588292598724,-0.5824304819107056,-0.056673564016819,0.1805981248617172,-0.4857552051544189,0.0315,0.0,0.0,-0.0315,0.0,0.0,5b0cd164-67f0-4590-9c99-356b1a60afcd
922907491707,-0.0534323640167713,0.1757201999425888,-0.5558517575263977,0.3214600300619528,-0.082093708217144,0.1320741772651672,-0.5957193374633789,-0.0238276235759258,0.2193923145532608,-0.4963835179805755,0.0315,0.0,0.0,-0.0315,0.0,0.0,5b0cd164-67f0-4590-9c99-356b1a60afcd
922907591707,-0.2344288975000381,-0.1299256682395935,-0.4594255983829498,0.6587151586360525,-0.2600891590118408,-0.160025417804718,-0.4932137429714203,-0.2077375948429107,-0.0986195802688598,-0.4185768365859985,0.0315,0.0,0.0,-0.0315,0.0,0.0,5b0cd164-67f0-4590-9c99-356b1a60afcd
922907691707,-0.2092247903347015,-0.0977801606059074,-0.4844555854797363,0.6290363054777576,-0.2348857671022415,-0.1290971338748932,-0.5193784832954407,-0.1827095448970794,-0.0655803382396698,-0.4408304393291473,0.0315,0.0,0.0,-0.0315,0.0,0.0,5b0cd164-67f0-4590-9c99-356b1a60afcd
922907791707,-0.2300197631120681,-0.1227918267250061,-0.4824335277080536,0.6501321783358169,-0.2548925280570984,-0.1501735597848892,-0.5142161250114441,-0.2042577266693115,-0.0946375131607055,-0.4449729919433594,0.0315,0.0,0.0,-0.0315,0.0,0.0,5b0cd164-67f0-4590-9c99-356b1a60afcd
922907891707,-0.2202179729938507,-0.1145720481872558,-0.4905757904052734,0.6639289826883665,-0.2449123561382293,-0.1429521441459655,-0.5230488181114197,-0.194521889090538,-0.0853848159313201,-0.4525801241397857,0.0315,0.0,0.0,-0.0315,0.0,0.0,5b0cd164-67f0-4590-9c99-356b1a60afcd
922907991707,-0.2234678864479065,-0.1129246205091476,-0.4889728426933288,0.6338234027841297,-0.2480576038360595,-0.1409676074981689,-0.5210385322570801,-0.1978698372840881,-0.0842001289129257,-0.4509136080741882,0.0315,0.0,0.0,-0.0315,0.0,0.0,5b0cd164-67f0-4590-9c99-356b1a60afcd
922908091707,-0.2234605997800827,-0.1132543534040451,-0.4766838848590851,0.6317528660651013,-0.247924268245697,-0.1418541669845581,-0.5092655420303345,-0.1979461163282394,-0.0839260816574096,-0.4381381571292877,0.0315,0.0,0.0,-0.0315,0.0,0.0,5b0cd164-67f0-4590-9c99-356b1a60afcd
922908191707,-0.2291570007801056,-0.1188624501228332,-0.4744543135166168,0.6297958257636328,-0.2535692155361175,-0.1496317386627197,-0.5075564980506897,-0.2037705779075622,-0.0873153209686279,-0.4351786375045776,0.0315,0.0,0.0,-0.0315,0.0,0.0,5b0cd164-67f0-4590-9c99-356b1a60afcd
922908291707,-0.2290419787168502,-0.1208315938711166,-0.4804605543613434,0.6437735600129594,-0.2537121176719665,-0.1484102308750152,-0.5124493837356567,-0.2033255696296692,-0.0924810767173767,-0.4433613717556,0.0315,0.0,0.0,-0.0315,0.0,0.0,5b0cd164-67f0-4590-9c99-356b1a60afcd
922908391707,-0.2377510815858841,-0.1189840734004974,-0.4768280386924743,0.584921957487433,-0.2624129056930542,-0.1475862264633178,-0.5088667869567871,-0.2120501101016998,-0.0895788073539733,-0.439526617527008,0.0315,0.0,0.0,-0.0315,0.0,0.0,5b0cd164-67f0-4590-9c99-356b1a60afcd